Insert into ETS_CUST_TYP (CUST_TYP_CDE,CUST_TYP_DSC) values ('cu','Customer');
Insert into ETS_CUST_TYP (CUST_TYP_CDE,CUST_TYP_DSC) values ('STUD','Student');
Insert into BLC_LOCALE (LOCALE_CODE,DEFAULT_FLAG,FRIENDLY_NAME) values ('en',null,'English');
Insert into BLC_LOCALE (LOCALE_CODE,DEFAULT_FLAG,FRIENDLY_NAME) values ('es',null,'Spanish');
Insert into BLC_COUNTRY(ABBREVIATION,NAME) values('US','United States');
Insert into BLC_COUNTRY(ABBREVIATION,NAME) values('CA','Canada');
Insert into BLC_COUNTRY(ABBREVIATION,NAME) values('MX','Mexico');
Insert into BLC_STATE(ABBREVIATION,NAME,COUNTRY) values('AL','Alabama','US');
Insert into BLC_STATE(ABBREVIATION,NAME,COUNTRY) values('AK','Alaska','US');
Insert into BLC_STATE(ABBREVIATION,NAME,COUNTRY) values('AZ','Arizona','US');
Insert into BLC_STATE(ABBREVIATION,NAME,COUNTRY) values('CT','Connecticut','US');
Insert into BLC_CHALLENGE_QUESTION(QUESTION_ID,QUESTION) values(1,'What is your favourite sports team?');
Insert into BLC_CHALLENGE_QUESTION(QUESTION_ID,QUESTION) values(2,'What was your high school name?');
Insert into BLC_CHALLENGE_QUESTION(QUESTION_ID,QUESTION) values(3,'What was your childhood nick name?');
Insert into BLC_CHALLENGE_QUESTION(QUESTION_ID,QUESTION) values(4,'What street did you live on in third grade?');
Insert into BLC_ADDRESS (ADDRESS_ID,ADDRESS_LINE1,ADDRESS_LINE2,CITY,COMPANY_NAME,COUNTY,EMAIL_ADDRESS,FAX,FIRST_NAME,IS_ACTIVE,IS_BUSINESS,IS_DEFAULT,LAST_NAME,POSTAL_CODE,PRIMARY_PHONE,SECONDARY_PHONE,STANDARDIZED,TOKENIZED_ADDRESS,VERIFICATION_LEVEL,ZIP_FOUR,COUNTRY,STATE_PROV_REGION) values (2,'97 HampShire DTR',null,'Plainsboro',null,null,'ereg.team+sunsum@gmail.com',null,'Sun',1,null,1,'Sum','08536',null,null,null,null,null,'8989','US','CT');
Insert into BLC_ADDRESS (ADDRESS_ID,ADDRESS_LINE1,ADDRESS_LINE2,CITY,COMPANY_NAME,COUNTY,EMAIL_ADDRESS,FAX,FIRST_NAME,IS_ACTIVE,IS_BUSINESS,IS_DEFAULT,LAST_NAME,POSTAL_CODE,PRIMARY_PHONE,SECONDARY_PHONE,STANDARDIZED,TOKENIZED_ADDRESS,VERIFICATION_LEVEL,ZIP_FOUR,COUNTRY,STATE_PROV_REGION) values (1,'1940 Raspberry CT',null,'Edison',null,null,'akovuri@ets.org',null,'Arvind',1,null,1,'Kovuri','08817',null,null,null,null,null,'9007','US','CT');
Insert into BLC_ADDRESS (ADDRESS_ID,ADDRESS_LINE1,ADDRESS_LINE2,CITY,COMPANY_NAME,COUNTY,EMAIL_ADDRESS,FAX,FIRST_NAME,IS_ACTIVE,IS_BUSINESS,IS_DEFAULT,LAST_NAME,POSTAL_CODE,PRIMARY_PHONE,SECONDARY_PHONE,STANDARDIZED,TOKENIZED_ADDRESS,VERIFICATION_LEVEL,ZIP_FOUR,COUNTRY,STATE_PROV_REGION) values (3,'989 David Street',null,'Addison',null,null,'ereg.team+Tom.Rodgers@gmail.com',null,'Tom',1,null,1,'Rodgers','83298',null,null,null,null,null,null,'US',null);
Insert into BLC_ADDRESS (ADDRESS_ID,ADDRESS_LINE1,ADDRESS_LINE2,CITY,COMPANY_NAME,COUNTY,EMAIL_ADDRESS,FAX,FIRST_NAME,IS_ACTIVE,IS_BUSINESS,IS_DEFAULT,LAST_NAME,POSTAL_CODE,PRIMARY_PHONE,SECONDARY_PHONE,STANDARDIZED,TOKENIZED_ADDRESS,VERIFICATION_LEVEL,ZIP_FOUR,COUNTRY,STATE_PROV_REGION) values (6,'87 Laurie LN',null,'LosAngels',null,null,'ereg.team+selva.kumar@gmail.com',null,'Selva',1,null,1,'Kumar','67329',null,null,null,null,null,null,'US',null);
Insert into BLC_ADDRESS (ADDRESS_ID,ADDRESS_LINE1,ADDRESS_LINE2,CITY,COMPANY_NAME,COUNTY,EMAIL_ADDRESS,FAX,FIRST_NAME,IS_ACTIVE,IS_BUSINESS,IS_DEFAULT,LAST_NAME,POSTAL_CODE,PRIMARY_PHONE,SECONDARY_PHONE,STANDARDIZED,TOKENIZED_ADDRESS,VERIFICATION_LEVEL,ZIP_FOUR,COUNTRY,STATE_PROV_REGION) values (7,'43 David St',null,'Norwalk',null,null,'ereg.team+Kathik.katam@gmail.com',null,'Karthik',1,null,1,'Katam','06798',null,null,null,null,null,null,'US','CT');
Insert into BLC_ADDRESS (ADDRESS_ID,ADDRESS_LINE1,ADDRESS_LINE2,CITY,COMPANY_NAME,COUNTY,EMAIL_ADDRESS,FAX,FIRST_NAME,IS_ACTIVE,IS_BUSINESS,IS_DEFAULT,LAST_NAME,POSTAL_CODE,PRIMARY_PHONE,SECONDARY_PHONE,STANDARDIZED,TOKENIZED_ADDRESS,VERIFICATION_LEVEL,ZIP_FOUR,COUNTRY,STATE_PROV_REGION) values (8,'34 Freeman Ln',null,'Boston',null,null,'ereg.team+karthik.kamat@gmail.com',null,'Karthik',1,null,1,'Kamat','13893',null,null,null,null,null,null,'US','CT');
Insert into BLC_ADDRESS (ADDRESS_ID,ADDRESS_LINE1,ADDRESS_LINE2,CITY,COMPANY_NAME,COUNTY,EMAIL_ADDRESS,FAX,FIRST_NAME,IS_ACTIVE,IS_BUSINESS,IS_DEFAULT,LAST_NAME,POSTAL_CODE,PRIMARY_PHONE,SECONDARY_PHONE,STANDARDIZED,TOKENIZED_ADDRESS,VERIFICATION_LEVEL,ZIP_FOUR,COUNTRY,STATE_PROV_REGION) values (4,'67 Kennedy BLVD',null,'Jersey city',null,null,'ereg.team+chaitanya.deep@gmail.com',null,'Chaitanya',1,null,1,'Krishna','08799',null,null,null,null,null,null,'US','CT');
Insert into BLC_ADDRESS (ADDRESS_ID,ADDRESS_LINE1,ADDRESS_LINE2,CITY,COMPANY_NAME,COUNTY,EMAIL_ADDRESS,FAX,FIRST_NAME,IS_ACTIVE,IS_BUSINESS,IS_DEFAULT,LAST_NAME,POSTAL_CODE,PRIMARY_PHONE,SECONDARY_PHONE,STANDARDIZED,TOKENIZED_ADDRESS,VERIFICATION_LEVEL,ZIP_FOUR,COUNTRY,STATE_PROV_REGION) values (5,'34 Hampstead DR',null,'Columbus',null,null,'ereg.team+prabhat.konam@gmail.com',null,'Prabhat',1,null,1,'Konam','57392',null,null,null,null,null,null,'US','CT');
Insert into BLC_ADDRESS (ADDRESS_ID,ADDRESS_LINE1,ADDRESS_LINE2,CITY,COMPANY_NAME,COUNTY,EMAIL_ADDRESS,FAX,FIRST_NAME,IS_ACTIVE,IS_BUSINESS,IS_DEFAULT,LAST_NAME,POSTAL_CODE,PRIMARY_PHONE,SECONDARY_PHONE,STANDARDIZED,TOKENIZED_ADDRESS,VERIFICATION_LEVEL,ZIP_FOUR,COUNTRY,STATE_PROV_REGION) values (9,'93 Green ST',null,'Herndon',null,null,'ereg.team+srikanth.dubbaka@gmail.com',null,'Srikanth',1,null,1,'Dubbaka','42439',null,null,null,null,null,null,'US','CT');
Insert into BLC_ADDRESS (ADDRESS_ID,ADDRESS_LINE1,ADDRESS_LINE2,CITY,COMPANY_NAME,COUNTY,EMAIL_ADDRESS,FAX,FIRST_NAME,IS_ACTIVE,IS_BUSINESS,IS_DEFAULT,LAST_NAME,POSTAL_CODE,PRIMARY_PHONE,SECONDARY_PHONE,STANDARDIZED,TOKENIZED_ADDRESS,VERIFICATION_LEVEL,ZIP_FOUR,COUNTRY,STATE_PROV_REGION) values (10,'22 Salavage DR',null,'Baltimore',null,null,'ereg.team+razi.sulaiman@gmail.com',null,'Razi',1,null,1,'Sulaiman','93239',null,null,null,null,null,null,'US','CT');
Insert into BLC_ADDRESS (ADDRESS_ID,ADDRESS_LINE1,ADDRESS_LINE2,CITY,COMPANY_NAME,COUNTY,EMAIL_ADDRESS,FAX,FIRST_NAME,IS_ACTIVE,IS_BUSINESS,IS_DEFAULT,LAST_NAME,POSTAL_CODE,PRIMARY_PHONE,SECONDARY_PHONE,STANDARDIZED,TOKENIZED_ADDRESS,VERIFICATION_LEVEL,ZIP_FOUR,COUNTRY,STATE_PROV_REGION) values (15,'532 Main Street',null,'Nuevo Leon',null,null,'ereg.team+Thulasi.raja@gmail.com',null,'Thulasi',1,null,1,'Raja','73928',null,null,null,null,null,null,'MX',null);
Insert into BLC_ADDRESS (ADDRESS_ID,ADDRESS_LINE1,ADDRESS_LINE2,CITY,COMPANY_NAME,COUNTY,EMAIL_ADDRESS,FAX,FIRST_NAME,IS_ACTIVE,IS_BUSINESS,IS_DEFAULT,LAST_NAME,POSTAL_CODE,PRIMARY_PHONE,SECONDARY_PHONE,STANDARDIZED,TOKENIZED_ADDRESS,VERIFICATION_LEVEL,ZIP_FOUR,COUNTRY,STATE_PROV_REGION) values (16,'939 Carol Street',null,'Yucaton',null,null,'ereg.team+gloria.fernandes@gmail.com',null,'Gloria',1,null,1,'Fernandes','84309',null,null,null,null,null,null,'MX',null);
Insert into BLC_ADDRESS (ADDRESS_ID,ADDRESS_LINE1,ADDRESS_LINE2,CITY,COMPANY_NAME,COUNTY,EMAIL_ADDRESS,FAX,FIRST_NAME,IS_ACTIVE,IS_BUSINESS,IS_DEFAULT,LAST_NAME,POSTAL_CODE,PRIMARY_PHONE,SECONDARY_PHONE,STANDARDIZED,TOKENIZED_ADDRESS,VERIFICATION_LEVEL,ZIP_FOUR,COUNTRY,STATE_PROV_REGION) values (17,'3244 Bloster Street',null,'Chiapas',null,null,'ereg.team+Claudia.joseph@gmail.com',null,'Claudia',1,null,1,'Joseph','93293',null,null,null,null,null,null,'MX',null);
Insert into BLC_ADDRESS (ADDRESS_ID,ADDRESS_LINE1,ADDRESS_LINE2,CITY,COMPANY_NAME,COUNTY,EMAIL_ADDRESS,FAX,FIRST_NAME,IS_ACTIVE,IS_BUSINESS,IS_DEFAULT,LAST_NAME,POSTAL_CODE,PRIMARY_PHONE,SECONDARY_PHONE,STANDARDIZED,TOKENIZED_ADDRESS,VERIFICATION_LEVEL,ZIP_FOUR,COUNTRY,STATE_PROV_REGION) values (11,'839 Decker Street',null,'Federal city',null,null,'ereg.team+chand.chauhan@gmail.com',null,'Chand',1,null,1,'Chauhan','03883',null,null,null,null,null,null,'MX',null);
Insert into BLC_ADDRESS (ADDRESS_ID,ADDRESS_LINE1,ADDRESS_LINE2,CITY,COMPANY_NAME,COUNTY,EMAIL_ADDRESS,FAX,FIRST_NAME,IS_ACTIVE,IS_BUSINESS,IS_DEFAULT,LAST_NAME,POSTAL_CODE,PRIMARY_PHONE,SECONDARY_PHONE,STANDARDIZED,TOKENIZED_ADDRESS,VERIFICATION_LEVEL,ZIP_FOUR,COUNTRY,STATE_PROV_REGION) values (12,'332 Boris Street',null,'Puebla',null,null,'ereg.team+wong.lee@gmail.com',null,'Wong',1,null,1,'Lee','73890',null,null,null,null,null,null,'MX',null);
Insert into BLC_ADDRESS (ADDRESS_ID,ADDRESS_LINE1,ADDRESS_LINE2,CITY,COMPANY_NAME,COUNTY,EMAIL_ADDRESS,FAX,FIRST_NAME,IS_ACTIVE,IS_BUSINESS,IS_DEFAULT,LAST_NAME,POSTAL_CODE,PRIMARY_PHONE,SECONDARY_PHONE,STANDARDIZED,TOKENIZED_ADDRESS,VERIFICATION_LEVEL,ZIP_FOUR,COUNTRY,STATE_PROV_REGION) values (13,'89 Dive ST',null,'Guanajuato',null,null,'ereg.team+Naresh.Kotam@gmail.com',null,'Naresh',1,null,1,'Kotam','23999',null,null,null,null,null,null,'MX',null);
Insert into BLC_ADDRESS (ADDRESS_ID,ADDRESS_LINE1,ADDRESS_LINE2,CITY,COMPANY_NAME,COUNTY,EMAIL_ADDRESS,FAX,FIRST_NAME,IS_ACTIVE,IS_BUSINESS,IS_DEFAULT,LAST_NAME,POSTAL_CODE,PRIMARY_PHONE,SECONDARY_PHONE,STANDARDIZED,TOKENIZED_ADDRESS,VERIFICATION_LEVEL,ZIP_FOUR,COUNTRY,STATE_PROV_REGION) values (14,'65 Samuel Street',null,'Jalisco',null,null,'ereg.team+venkat.kona@gmail.com',null,'Venkat',1,null,1,'Kona','34983',null,null,null,null,null,null,'MX',null);
Insert into BLC_ADDRESS (ADDRESS_ID,ADDRESS_LINE1,ADDRESS_LINE2,CITY,COMPANY_NAME,COUNTY,EMAIL_ADDRESS,FAX,FIRST_NAME,IS_ACTIVE,IS_BUSINESS,IS_DEFAULT,LAST_NAME,POSTAL_CODE,PRIMARY_PHONE,SECONDARY_PHONE,STANDARDIZED,TOKENIZED_ADDRESS,VERIFICATION_LEVEL,ZIP_FOUR,COUNTRY,STATE_PROV_REGION) values (18,'783 Panama Blvd',null,'Tamaulipas',null,null,'ereg.team+Tom.Rodgers@gmail.com',null,'Tom',1,null,1,'Rodgers','38289',null,null,null,null,null,null,'MX',null);
Insert into BLC_ADDRESS (ADDRESS_ID,ADDRESS_LINE1,ADDRESS_LINE2,CITY,COMPANY_NAME,COUNTY,EMAIL_ADDRESS,FAX,FIRST_NAME,IS_ACTIVE,IS_BUSINESS,IS_DEFAULT,LAST_NAME,POSTAL_CODE,PRIMARY_PHONE,SECONDARY_PHONE,STANDARDIZED,TOKENIZED_ADDRESS,VERIFICATION_LEVEL,ZIP_FOUR,COUNTRY,STATE_PROV_REGION) values (19,'4389 Peterson Field',null,'Sinaloa',null,null,'ereg.team+Tony.joseph@gmail.com',null,'Tony',1,null,1,'Joseph','23848',null,null,null,null,null,null,'MX',null);
Insert into BLC_ADDRESS (ADDRESS_ID,ADDRESS_LINE1,ADDRESS_LINE2,CITY,COMPANY_NAME,COUNTY,EMAIL_ADDRESS,FAX,FIRST_NAME,IS_ACTIVE,IS_BUSINESS,IS_DEFAULT,LAST_NAME,POSTAL_CODE,PRIMARY_PHONE,SECONDARY_PHONE,STANDARDIZED,TOKENIZED_ADDRESS,VERIFICATION_LEVEL,ZIP_FOUR,COUNTRY,STATE_PROV_REGION) values (20,'324 Natalie plaza',null,'Chiapas',null,null,'ereg.team+David.Bast@gmail.com',null,'David',1,null,1,'Bast','53232',null,null,null,null,null,null,'MX',null);
Insert into BLC_CUSTOMER (CUSTOMER_ID,CHALLENGE_ANSWER,DEACTIVATED,EMAIL_ADDRESS,FIRST_NAME,LAST_NAME,PASSWORD,PASSWORD_CHANGE_REQUIRED,RECEIVE_EMAIL,IS_REGISTERED,USER_NAME,CHALLENGE_QUESTION_ID,LOCALE_CODE) values (1,'Something',0,'akovuri@ets.org','Arvind','Kovuri','house23',0,0,1,'akovuri',1,'en');
Insert into BLC_CUSTOMER (CUSTOMER_ID,CHALLENGE_ANSWER,DEACTIVATED,EMAIL_ADDRESS,FIRST_NAME,LAST_NAME,PASSWORD,PASSWORD_CHANGE_REQUIRED,RECEIVE_EMAIL,IS_REGISTERED,USER_NAME,CHALLENGE_QUESTION_ID,LOCALE_CODE) values (2,'Someone',0,'ereg.team+sumsun@gmail.com','sum','sun','Octapose',0,0,1,'sun.sum',2,'en');
Insert into BLC_CUSTOMER (CUSTOMER_ID,CHALLENGE_ANSWER,DEACTIVATED,EMAIL_ADDRESS,FIRST_NAME,LAST_NAME,PASSWORD,PASSWORD_CHANGE_REQUIRED,RECEIVE_EMAIL,IS_REGISTERED,USER_NAME,CHALLENGE_QUESTION_ID,LOCALE_CODE) values (18,'Done',0,'ereg.team+Tom.Rodgers@gmail.com','Tom','Rodgers','house',0,null,1,'Tom.Rodgers',2,'en');
Insert into BLC_CUSTOMER (CUSTOMER_ID,CHALLENGE_ANSWER,DEACTIVATED,EMAIL_ADDRESS,FIRST_NAME,LAST_NAME,PASSWORD,PASSWORD_CHANGE_REQUIRED,RECEIVE_EMAIL,IS_REGISTERED,USER_NAME,CHALLENGE_QUESTION_ID,LOCALE_CODE) values (19,'Done',0,'ereg.team+Tony.joseph@gmail.com','Tony','Joseph','house',0,null,1,'Tony.Joseph',2,'es');
Insert into BLC_CUSTOMER (CUSTOMER_ID,CHALLENGE_ANSWER,DEACTIVATED,EMAIL_ADDRESS,FIRST_NAME,LAST_NAME,PASSWORD,PASSWORD_CHANGE_REQUIRED,RECEIVE_EMAIL,IS_REGISTERED,USER_NAME,CHALLENGE_QUESTION_ID,LOCALE_CODE) values (20,'Done',0,'ereg.team+David.Bast@gmail.com','David','Bast','house',0,null,1,'David.Bast',2,'es');
Insert into BLC_CUSTOMER (CUSTOMER_ID,CHALLENGE_ANSWER,DEACTIVATED,EMAIL_ADDRESS,FIRST_NAME,LAST_NAME,PASSWORD,PASSWORD_CHANGE_REQUIRED,RECEIVE_EMAIL,IS_REGISTERED,USER_NAME,CHALLENGE_QUESTION_ID,LOCALE_CODE) values (6,'No one',0,'ereg.team+selva.kumar@gmail.com','Selva','Kumar','house',0,null,1,'selva.kumar',2,'en');
Insert into BLC_CUSTOMER (CUSTOMER_ID,CHALLENGE_ANSWER,DEACTIVATED,EMAIL_ADDRESS,FIRST_NAME,LAST_NAME,PASSWORD,PASSWORD_CHANGE_REQUIRED,RECEIVE_EMAIL,IS_REGISTERED,USER_NAME,CHALLENGE_QUESTION_ID,LOCALE_CODE) values (7,'Someone',0,'ereg.team+Kathik.katam@gmail.com','Karthik','Katam','house',0,null,1,'karthik.katam',2,'en');
Insert into BLC_CUSTOMER (CUSTOMER_ID,CHALLENGE_ANSWER,DEACTIVATED,EMAIL_ADDRESS,FIRST_NAME,LAST_NAME,PASSWORD,PASSWORD_CHANGE_REQUIRED,RECEIVE_EMAIL,IS_REGISTERED,USER_NAME,CHALLENGE_QUESTION_ID,LOCALE_CODE) values (8,'Someone',0,'ereg.team+karthik.kamat@gmail.com','Karthik','Kamat','house',0,null,1,'karthik.kamat',2,'en');
Insert into BLC_CUSTOMER (CUSTOMER_ID,CHALLENGE_ANSWER,DEACTIVATED,EMAIL_ADDRESS,FIRST_NAME,LAST_NAME,PASSWORD,PASSWORD_CHANGE_REQUIRED,RECEIVE_EMAIL,IS_REGISTERED,USER_NAME,CHALLENGE_QUESTION_ID,LOCALE_CODE) values (9,'Something',0,'ereg.team+srikanth.dubbaka@gmail.com','Srikanth','Dubbaka','house',0,null,1,'srikanth.dubbaka',1,'en');
Insert into BLC_CUSTOMER (CUSTOMER_ID,CHALLENGE_ANSWER,DEACTIVATED,EMAIL_ADDRESS,FIRST_NAME,LAST_NAME,PASSWORD,PASSWORD_CHANGE_REQUIRED,RECEIVE_EMAIL,IS_REGISTERED,USER_NAME,CHALLENGE_QUESTION_ID,LOCALE_CODE) values (15,'Do something',0,'ereg.team+Thulasi.raja@gmail.com','Thulasi','Raja','house',0,null,1,'Thulasi.Raja',1,'en');
Insert into BLC_CUSTOMER (CUSTOMER_ID,CHALLENGE_ANSWER,DEACTIVATED,EMAIL_ADDRESS,FIRST_NAME,LAST_NAME,PASSWORD,PASSWORD_CHANGE_REQUIRED,RECEIVE_EMAIL,IS_REGISTERED,USER_NAME,CHALLENGE_QUESTION_ID,LOCALE_CODE) values (16,'Do Enough',0,'ereg.team+gloria.fernandes@gmail.com','Gloria','Fernandes','house',0,null,1,'gloria.fernandes',2,'es');
Insert into BLC_CUSTOMER (CUSTOMER_ID,CHALLENGE_ANSWER,DEACTIVATED,EMAIL_ADDRESS,FIRST_NAME,LAST_NAME,PASSWORD,PASSWORD_CHANGE_REQUIRED,RECEIVE_EMAIL,IS_REGISTERED,USER_NAME,CHALLENGE_QUESTION_ID,LOCALE_CODE) values (3,'Someone',0,'ereg.team+aparna.kan@gmail.com','Aparna','Kovuri','house',0,null,1,'aKante',1,'en');
Insert into BLC_CUSTOMER (CUSTOMER_ID,CHALLENGE_ANSWER,DEACTIVATED,EMAIL_ADDRESS,FIRST_NAME,LAST_NAME,PASSWORD,PASSWORD_CHANGE_REQUIRED,RECEIVE_EMAIL,IS_REGISTERED,USER_NAME,CHALLENGE_QUESTION_ID,LOCALE_CODE) values (4,'Something',0,'ereg.team+chaitanya.deep@gmail.com','Chaitanya','Krishna','house',0,null,1,'ckrishna',2,'en');
Insert into BLC_CUSTOMER (CUSTOMER_ID,CHALLENGE_ANSWER,DEACTIVATED,EMAIL_ADDRESS,FIRST_NAME,LAST_NAME,PASSWORD,PASSWORD_CHANGE_REQUIRED,RECEIVE_EMAIL,IS_REGISTERED,USER_NAME,CHALLENGE_QUESTION_ID,LOCALE_CODE) values (5,'Someone',0,'ereg.team+prabhat.konam@gmail.com','Prabhat','Konam','house',0,null,1,'pkonam',3,'en');
Insert into BLC_CUSTOMER (CUSTOMER_ID,CHALLENGE_ANSWER,DEACTIVATED,EMAIL_ADDRESS,FIRST_NAME,LAST_NAME,PASSWORD,PASSWORD_CHANGE_REQUIRED,RECEIVE_EMAIL,IS_REGISTERED,USER_NAME,CHALLENGE_QUESTION_ID,LOCALE_CODE) values (10,'Saymore',0,'ereg.team+razi.sulaiman@gmail.com','Razi','Sulaiman','house',0,null,1,'razi.sulaiman',2,'en');
Insert into BLC_CUSTOMER (CUSTOMER_ID,CHALLENGE_ANSWER,DEACTIVATED,EMAIL_ADDRESS,FIRST_NAME,LAST_NAME,PASSWORD,PASSWORD_CHANGE_REQUIRED,RECEIVE_EMAIL,IS_REGISTERED,USER_NAME,CHALLENGE_QUESTION_ID,LOCALE_CODE) values (11,'Saymore',0,'ereg.team+chand.chauhan@gmail.com','Chand','Chauhan','house',0,null,1,'chand.chauhan',2,'en');
Insert into BLC_CUSTOMER (CUSTOMER_ID,CHALLENGE_ANSWER,DEACTIVATED,EMAIL_ADDRESS,FIRST_NAME,LAST_NAME,PASSWORD,PASSWORD_CHANGE_REQUIRED,RECEIVE_EMAIL,IS_REGISTERED,USER_NAME,CHALLENGE_QUESTION_ID,LOCALE_CODE) values (12,'Saymore',0,'ereg.team+wong.lee@gmail.com','Wong','Lee','house',0,null,1,'wong.lee',2,'en');
Insert into BLC_CUSTOMER (CUSTOMER_ID,CHALLENGE_ANSWER,DEACTIVATED,EMAIL_ADDRESS,FIRST_NAME,LAST_NAME,PASSWORD,PASSWORD_CHANGE_REQUIRED,RECEIVE_EMAIL,IS_REGISTERED,USER_NAME,CHALLENGE_QUESTION_ID,LOCALE_CODE) values (13,'Do Something',0,'ereg.team+Naresh.Kotam@gmail.com','Naresh','Kotam','house',0,null,1,'Naresh.kotam',2,'en');
Insert into BLC_CUSTOMER (CUSTOMER_ID,CHALLENGE_ANSWER,DEACTIVATED,EMAIL_ADDRESS,FIRST_NAME,LAST_NAME,PASSWORD,PASSWORD_CHANGE_REQUIRED,RECEIVE_EMAIL,IS_REGISTERED,USER_NAME,CHALLENGE_QUESTION_ID,LOCALE_CODE) values (14,'Do Something',0,'ereg.team+venkat.kona@gmail.com','Venkat','Kona','house',0,null,1,'venkat.kona',2,'en');
Insert into BLC_CUSTOMER (CUSTOMER_ID,CHALLENGE_ANSWER,DEACTIVATED,EMAIL_ADDRESS,FIRST_NAME,LAST_NAME,PASSWORD,PASSWORD_CHANGE_REQUIRED,RECEIVE_EMAIL,IS_REGISTERED,USER_NAME,CHALLENGE_QUESTION_ID,LOCALE_CODE) values (17,'Done',0,'ereg.team+Claudia.joseph@gmail.com','Claudia','Joseph','house',0,null,1,'Claudia.Joseph',2,'es');
Insert into BLC_CUSTOMER_ADDRESS (CUSTOMER_ADDRESS_ID,ADDRESS_NAME,ADDRESS_ID,CUSTOMER_ID) values (1,null,1,1);
Insert into BLC_CUSTOMER_ADDRESS (CUSTOMER_ADDRESS_ID,ADDRESS_NAME,ADDRESS_ID,CUSTOMER_ID) values (2,null,2,2);
Insert into BLC_CUSTOMER_ADDRESS (CUSTOMER_ADDRESS_ID,ADDRESS_NAME,ADDRESS_ID,CUSTOMER_ID) values (3,null,3,3);
Insert into BLC_CUSTOMER_ADDRESS (CUSTOMER_ADDRESS_ID,ADDRESS_NAME,ADDRESS_ID,CUSTOMER_ID) values (4,null,4,4);
Insert into BLC_CUSTOMER_ADDRESS (CUSTOMER_ADDRESS_ID,ADDRESS_NAME,ADDRESS_ID,CUSTOMER_ID) values (5,null,5,5);
Insert into BLC_CUSTOMER_ADDRESS (CUSTOMER_ADDRESS_ID,ADDRESS_NAME,ADDRESS_ID,CUSTOMER_ID) values (6,null,6,6);
Insert into BLC_CUSTOMER_ADDRESS (CUSTOMER_ADDRESS_ID,ADDRESS_NAME,ADDRESS_ID,CUSTOMER_ID) values (7,null,7,7);
Insert into BLC_CUSTOMER_ADDRESS (CUSTOMER_ADDRESS_ID,ADDRESS_NAME,ADDRESS_ID,CUSTOMER_ID) values (8,null,8,8);
Insert into BLC_CUSTOMER_ADDRESS (CUSTOMER_ADDRESS_ID,ADDRESS_NAME,ADDRESS_ID,CUSTOMER_ID) values (9,null,9,9);
Insert into BLC_CUSTOMER_ADDRESS (CUSTOMER_ADDRESS_ID,ADDRESS_NAME,ADDRESS_ID,CUSTOMER_ID) values (10,null,10,10);
Insert into BLC_CUSTOMER_ADDRESS (CUSTOMER_ADDRESS_ID,ADDRESS_NAME,ADDRESS_ID,CUSTOMER_ID) values (11,null,11,11);
Insert into BLC_CUSTOMER_ADDRESS (CUSTOMER_ADDRESS_ID,ADDRESS_NAME,ADDRESS_ID,CUSTOMER_ID) values (12,null,12,12);
Insert into BLC_CUSTOMER_ADDRESS (CUSTOMER_ADDRESS_ID,ADDRESS_NAME,ADDRESS_ID,CUSTOMER_ID) values (13,null,13,13);
Insert into BLC_CUSTOMER_ADDRESS (CUSTOMER_ADDRESS_ID,ADDRESS_NAME,ADDRESS_ID,CUSTOMER_ID) values (14,null,14,14);
Insert into BLC_CUSTOMER_ADDRESS (CUSTOMER_ADDRESS_ID,ADDRESS_NAME,ADDRESS_ID,CUSTOMER_ID) values (15,null,15,15);
Insert into BLC_CUSTOMER_ADDRESS (CUSTOMER_ADDRESS_ID,ADDRESS_NAME,ADDRESS_ID,CUSTOMER_ID) values (16,null,16,16);
Insert into BLC_CUSTOMER_ADDRESS (CUSTOMER_ADDRESS_ID,ADDRESS_NAME,ADDRESS_ID,CUSTOMER_ID) values (17,null,17,17);
Insert into BLC_CUSTOMER_ADDRESS (CUSTOMER_ADDRESS_ID,ADDRESS_NAME,ADDRESS_ID,CUSTOMER_ID) values (18,null,18,18);
Insert into BLC_CUSTOMER_ADDRESS (CUSTOMER_ADDRESS_ID,ADDRESS_NAME,ADDRESS_ID,CUSTOMER_ID) values (19,null,19,19);
Insert into BLC_CUSTOMER_ADDRESS (CUSTOMER_ADDRESS_ID,ADDRESS_NAME,ADDRESS_ID,CUSTOMER_ID) values (20,null,20,20);
Insert into BLC_PHONE (PHONE_ID,IS_ACTIVE,IS_DEFAULT,PHONE_NUMBER) values (1,1,1,'87389883898');
Insert into BLC_PHONE (PHONE_ID,IS_ACTIVE,IS_DEFAULT,PHONE_NUMBER) values (2,1,0,'893298329');
Insert into BLC_PHONE (PHONE_ID,IS_ACTIVE,IS_DEFAULT,PHONE_NUMBER) values (3,1,1,'9324988983');
Insert into BLC_PHONE (PHONE_ID,IS_ACTIVE,IS_DEFAULT,PHONE_NUMBER) values (4,1,0,'84384984');
Insert into BLC_PHONE (PHONE_ID,IS_ACTIVE,IS_DEFAULT,PHONE_NUMBER) values (12,1,0,'8328889890');
Insert into BLC_PHONE (PHONE_ID,IS_ACTIVE,IS_DEFAULT,PHONE_NUMBER) values (13,1,1,'30932099');
Insert into BLC_PHONE (PHONE_ID,IS_ACTIVE,IS_DEFAULT,PHONE_NUMBER) values (14,1,0,'83293809328098');
Insert into BLC_PHONE (PHONE_ID,IS_ACTIVE,IS_DEFAULT,PHONE_NUMBER) values (15,1,1,'i832098302');
Insert into BLC_PHONE (PHONE_ID,IS_ACTIVE,IS_DEFAULT,PHONE_NUMBER) values (16,1,0,'819823880932');
Insert into BLC_PHONE (PHONE_ID,IS_ACTIVE,IS_DEFAULT,PHONE_NUMBER) values (17,1,1,'898209808987');
Insert into BLC_PHONE (PHONE_ID,IS_ACTIVE,IS_DEFAULT,PHONE_NUMBER) values (23,1,1,'9494309894983');
Insert into BLC_PHONE (PHONE_ID,IS_ACTIVE,IS_DEFAULT,PHONE_NUMBER) values (24,1,0,'9372877739');
Insert into BLC_PHONE (PHONE_ID,IS_ACTIVE,IS_DEFAULT,PHONE_NUMBER) values (27,1,1,'798398748947983');
Insert into BLC_PHONE (PHONE_ID,IS_ACTIVE,IS_DEFAULT,PHONE_NUMBER) values (28,1,1,'749873987987493');
Insert into BLC_PHONE (PHONE_ID,IS_ACTIVE,IS_DEFAULT,PHONE_NUMBER) values (29,1,0,'3987298787');
Insert into BLC_PHONE (PHONE_ID,IS_ACTIVE,IS_DEFAULT,PHONE_NUMBER) values (30,1,0,'83298328098209');
Insert into BLC_PHONE (PHONE_ID,IS_ACTIVE,IS_DEFAULT,PHONE_NUMBER) values (36,1,0,'762487447');
Insert into BLC_PHONE (PHONE_ID,IS_ACTIVE,IS_DEFAULT,PHONE_NUMBER) values (37,1,1,'89289479843');
Insert into BLC_PHONE (PHONE_ID,IS_ACTIVE,IS_DEFAULT,PHONE_NUMBER) values (5,1,1,'8729832939');
Insert into BLC_PHONE (PHONE_ID,IS_ACTIVE,IS_DEFAULT,PHONE_NUMBER) values (6,1,0,'76329893');
Insert into BLC_PHONE (PHONE_ID,IS_ACTIVE,IS_DEFAULT,PHONE_NUMBER) values (7,1,1,'872487329');
Insert into BLC_PHONE (PHONE_ID,IS_ACTIVE,IS_DEFAULT,PHONE_NUMBER) values (8,1,0,'832988398');
Insert into BLC_PHONE (PHONE_ID,IS_ACTIVE,IS_DEFAULT,PHONE_NUMBER) values (9,1,1,'8323809828');
Insert into BLC_PHONE (PHONE_ID,IS_ACTIVE,IS_DEFAULT,PHONE_NUMBER) values (10,1,0,'83293809832');
Insert into BLC_PHONE (PHONE_ID,IS_ACTIVE,IS_DEFAULT,PHONE_NUMBER) values (11,1,1,'82828930909');
Insert into BLC_PHONE (PHONE_ID,IS_ACTIVE,IS_DEFAULT,PHONE_NUMBER) values (18,1,0,'537276827398');
Insert into BLC_PHONE (PHONE_ID,IS_ACTIVE,IS_DEFAULT,PHONE_NUMBER) values (19,1,1,'97238484309');
Insert into BLC_PHONE (PHONE_ID,IS_ACTIVE,IS_DEFAULT,PHONE_NUMBER) values (20,1,0,'83928833289');
Insert into BLC_PHONE (PHONE_ID,IS_ACTIVE,IS_DEFAULT,PHONE_NUMBER) values (21,1,1,'62387238893');
Insert into BLC_PHONE (PHONE_ID,IS_ACTIVE,IS_DEFAULT,PHONE_NUMBER) values (22,1,0,'8379829392338');
Insert into BLC_PHONE (PHONE_ID,IS_ACTIVE,IS_DEFAULT,PHONE_NUMBER) values (25,1,1,'90843098498');
Insert into BLC_PHONE (PHONE_ID,IS_ACTIVE,IS_DEFAULT,PHONE_NUMBER) values (26,1,0,'8382093880398');
Insert into BLC_PHONE (PHONE_ID,IS_ACTIVE,IS_DEFAULT,PHONE_NUMBER) values (31,1,1,'78273877489');
Insert into BLC_PHONE (PHONE_ID,IS_ACTIVE,IS_DEFAULT,PHONE_NUMBER) values (32,1,0,'98283932889');
Insert into BLC_PHONE (PHONE_ID,IS_ACTIVE,IS_DEFAULT,PHONE_NUMBER) values (33,1,1,'8943879988');
Insert into BLC_PHONE (PHONE_ID,IS_ACTIVE,IS_DEFAULT,PHONE_NUMBER) values (34,1,0,'837984398893');
Insert into BLC_PHONE (PHONE_ID,IS_ACTIVE,IS_DEFAULT,PHONE_NUMBER) values (35,1,1,'0932898098438');
Insert into BLC_PHONE (PHONE_ID,IS_ACTIVE,IS_DEFAULT,PHONE_NUMBER) values (38,1,0,'83972973892');
Insert into BLC_PHONE (PHONE_ID,IS_ACTIVE,IS_DEFAULT,PHONE_NUMBER) values (39,1,1,'98430984989308');
Insert into BLC_PHONE (PHONE_ID,IS_ACTIVE,IS_DEFAULT,PHONE_NUMBER) values (40,1,0,'903289389283');
Insert into BLC_CUSTOMER_PHONE (CUSTOMER_PHONE_ID,PHONE_NAME,CUSTOMER_ID,PHONE_ID) values (1,'Prim',1,1);
Insert into BLC_CUSTOMER_PHONE (CUSTOMER_PHONE_ID,PHONE_NAME,CUSTOMER_ID,PHONE_ID) values (2,'Sec',1,2);
Insert into BLC_CUSTOMER_PHONE (CUSTOMER_PHONE_ID,PHONE_NAME,CUSTOMER_ID,PHONE_ID) values (4,'Sec',2,4);
Insert into BLC_CUSTOMER_PHONE (CUSTOMER_PHONE_ID,PHONE_NAME,CUSTOMER_ID,PHONE_ID) values (3,'prim',2,3);
Insert into BLC_CUSTOMER_PHONE (CUSTOMER_PHONE_ID,PHONE_NAME,CUSTOMER_ID,PHONE_ID) values (6,'Sec',3,6);
Insert into BLC_CUSTOMER_PHONE (CUSTOMER_PHONE_ID,PHONE_NAME,CUSTOMER_ID,PHONE_ID) values (7,'Prim',4,7);
Insert into BLC_CUSTOMER_PHONE (CUSTOMER_PHONE_ID,PHONE_NAME,CUSTOMER_ID,PHONE_ID) values (8,'Sec',4,8);
Insert into BLC_CUSTOMER_PHONE (CUSTOMER_PHONE_ID,PHONE_NAME,CUSTOMER_ID,PHONE_ID) values (9,'Prim',5,9);
Insert into BLC_CUSTOMER_PHONE (CUSTOMER_PHONE_ID,PHONE_NAME,CUSTOMER_ID,PHONE_ID) values (10,'Sec',5,10);
Insert into BLC_CUSTOMER_PHONE (CUSTOMER_PHONE_ID,PHONE_NAME,CUSTOMER_ID,PHONE_ID) values (17,'Prim',9,17);
Insert into BLC_CUSTOMER_PHONE (CUSTOMER_PHONE_ID,PHONE_NAME,CUSTOMER_ID,PHONE_ID) values (18,'Sec',9,18);
Insert into BLC_CUSTOMER_PHONE (CUSTOMER_PHONE_ID,PHONE_NAME,CUSTOMER_ID,PHONE_ID) values (20,'Sec',10,20);
Insert into BLC_CUSTOMER_PHONE (CUSTOMER_PHONE_ID,PHONE_NAME,CUSTOMER_ID,PHONE_ID) values (5,'Prim',3,3);
Insert into BLC_CUSTOMER_PHONE (CUSTOMER_PHONE_ID,PHONE_NAME,CUSTOMER_ID,PHONE_ID) values (11,'Prim',6,11);
Insert into BLC_CUSTOMER_PHONE (CUSTOMER_PHONE_ID,PHONE_NAME,CUSTOMER_ID,PHONE_ID) values (12,'Sec',6,12);
Insert into BLC_CUSTOMER_PHONE (CUSTOMER_PHONE_ID,PHONE_NAME,CUSTOMER_ID,PHONE_ID) values (13,'Prim',7,13);
Insert into BLC_CUSTOMER_PHONE (CUSTOMER_PHONE_ID,PHONE_NAME,CUSTOMER_ID,PHONE_ID) values (14,'Sec',7,14);
Insert into BLC_CUSTOMER_PHONE (CUSTOMER_PHONE_ID,PHONE_NAME,CUSTOMER_ID,PHONE_ID) values (15,'Prim',8,15);
Insert into BLC_CUSTOMER_PHONE (CUSTOMER_PHONE_ID,PHONE_NAME,CUSTOMER_ID,PHONE_ID) values (16,'Sec',8,16);
Insert into BLC_CUSTOMER_PHONE (CUSTOMER_PHONE_ID,PHONE_NAME,CUSTOMER_ID,PHONE_ID) values (21,'Prim',11,21);
Insert into BLC_CUSTOMER_PHONE (CUSTOMER_PHONE_ID,PHONE_NAME,CUSTOMER_ID,PHONE_ID) values (22,'Sec',11,22);
Insert into BLC_CUSTOMER_PHONE (CUSTOMER_PHONE_ID,PHONE_NAME,CUSTOMER_ID,PHONE_ID) values (23,'Prim',12,23);
Insert into BLC_CUSTOMER_PHONE (CUSTOMER_PHONE_ID,PHONE_NAME,CUSTOMER_ID,PHONE_ID) values (24,'Sec',12,24);
Insert into BLC_CUSTOMER_PHONE (CUSTOMER_PHONE_ID,PHONE_NAME,CUSTOMER_ID,PHONE_ID) values (25,'Prim',13,25);
Insert into BLC_CUSTOMER_PHONE (CUSTOMER_PHONE_ID,PHONE_NAME,CUSTOMER_ID,PHONE_ID) values (26,'Sec',13,26);
Insert into BLC_CUSTOMER_PHONE (CUSTOMER_PHONE_ID,PHONE_NAME,CUSTOMER_ID,PHONE_ID) values (27,'Prim',14,27);
Insert into BLC_CUSTOMER_PHONE (CUSTOMER_PHONE_ID,PHONE_NAME,CUSTOMER_ID,PHONE_ID) values (28,'Sec',14,28);
Insert into BLC_CUSTOMER_PHONE (CUSTOMER_PHONE_ID,PHONE_NAME,CUSTOMER_ID,PHONE_ID) values (29,'Prim',15,29);
Insert into BLC_CUSTOMER_PHONE (CUSTOMER_PHONE_ID,PHONE_NAME,CUSTOMER_ID,PHONE_ID) values (30,'Sec',15,30);
Insert into BLC_CUSTOMER_PHONE (CUSTOMER_PHONE_ID,PHONE_NAME,CUSTOMER_ID,PHONE_ID) values (31,'Prim',16,31);
Insert into BLC_CUSTOMER_PHONE (CUSTOMER_PHONE_ID,PHONE_NAME,CUSTOMER_ID,PHONE_ID) values (32,'Sec',16,32);
Insert into BLC_CUSTOMER_PHONE (CUSTOMER_PHONE_ID,PHONE_NAME,CUSTOMER_ID,PHONE_ID) values (33,'Prim',17,33);
Insert into BLC_CUSTOMER_PHONE (CUSTOMER_PHONE_ID,PHONE_NAME,CUSTOMER_ID,PHONE_ID) values (34,'Sec',17,34);
Insert into BLC_CUSTOMER_PHONE (CUSTOMER_PHONE_ID,PHONE_NAME,CUSTOMER_ID,PHONE_ID) values (35,'Prim',18,35);
Insert into BLC_CUSTOMER_PHONE (CUSTOMER_PHONE_ID,PHONE_NAME,CUSTOMER_ID,PHONE_ID) values (36,'Sec',18,36);
Insert into BLC_CUSTOMER_PHONE (CUSTOMER_PHONE_ID,PHONE_NAME,CUSTOMER_ID,PHONE_ID) values (37,'Prim',19,37);
Insert into BLC_CUSTOMER_PHONE (CUSTOMER_PHONE_ID,PHONE_NAME,CUSTOMER_ID,PHONE_ID) values (38,'Sec',19,38);
Insert into BLC_CUSTOMER_PHONE (CUSTOMER_PHONE_ID,PHONE_NAME,CUSTOMER_ID,PHONE_ID) values (39,'Prim',20,39);
Insert into BLC_CUSTOMER_PHONE (CUSTOMER_PHONE_ID,PHONE_NAME,CUSTOMER_ID,PHONE_ID) values (40,'Sec',20,40);
Insert into BLC_CUSTOMER_PHONE (CUSTOMER_PHONE_ID,PHONE_NAME,CUSTOMER_ID,PHONE_ID) values (19,'Prim',10,19);
Insert into GNDR(GNDR_CDE,GNDR_DSC) values('M','Male');
Insert into GNDR(GNDR_CDE,GNDR_DSC) values('F','Female');
Insert into ETS_CUST (TRMS_ACEPTNC_DTM,BRTH_DTE,GNDR_CDE,MID_NAM,PRFRD_TST_TAKING_LANG_CDE,PRMRY_SPKNG_LANG_CDE,SSN_LST_4,SRC_ID,CUSTOMER_ID,CUST_TYP_CDE,ETNCTY_CDE,MIL_STS_CDE,INTRNL_USR_FLG) values (null,to_date('09-10-1983','DD-MM-YYYY'),'M','K',null,null,'7828',null,1,'cu',null,null,'Y');
Insert into ETS_CUST (TRMS_ACEPTNC_DTM,BRTH_DTE,GNDR_CDE,MID_NAM,PRFRD_TST_TAKING_LANG_CDE,PRMRY_SPKNG_LANG_CDE,SSN_LST_4,SRC_ID,CUSTOMER_ID,CUST_TYP_CDE,ETNCTY_CDE,MIL_STS_CDE,INTRNL_USR_FLG) values (null,to_date('07-12-1983','DD-MM-YYYY'),'M','K',null,null,'8930',null,2,'cu',null,null,'N');
Insert into ETS_CUST (TRMS_ACEPTNC_DTM,BRTH_DTE,GNDR_CDE,MID_NAM,PRFRD_TST_TAKING_LANG_CDE,PRMRY_SPKNG_LANG_CDE,SSN_LST_4,SRC_ID,CUSTOMER_ID,CUST_TYP_CDE,ETNCTY_CDE,MIL_STS_CDE) values (null,to_date('18-05-1978','DD-MM-YYYY'),'M','G',null,null,'4321',null,4,'cu',null,null);
Insert into ETS_CUST (TRMS_ACEPTNC_DTM,BRTH_DTE,GNDR_CDE,MID_NAM,PRFRD_TST_TAKING_LANG_CDE,PRMRY_SPKNG_LANG_CDE,SSN_LST_4,SRC_ID,CUSTOMER_ID,CUST_TYP_CDE,ETNCTY_CDE,MIL_STS_CDE) values (null,to_date('12-08-1987','DD-MM-YYYY'),'M','F',null,null,'8732',null,5,'cu',null,null);
Insert into ETS_CUST (TRMS_ACEPTNC_DTM,BRTH_DTE,GNDR_CDE,MID_NAM,PRFRD_TST_TAKING_LANG_CDE,PRMRY_SPKNG_LANG_CDE,SSN_LST_4,SRC_ID,CUSTOMER_ID,CUST_TYP_CDE,ETNCTY_CDE,MIL_STS_CDE) values (null,to_date('13-07-1977','DD-MM-YYYY'),'M','D',null,null,'9201',null,6,'cu',null,null);
Insert into ETS_CUST (TRMS_ACEPTNC_DTM,BRTH_DTE,GNDR_CDE,MID_NAM,PRFRD_TST_TAKING_LANG_CDE,PRMRY_SPKNG_LANG_CDE,SSN_LST_4,SRC_ID,CUSTOMER_ID,CUST_TYP_CDE,ETNCTY_CDE,MIL_STS_CDE) values (null,to_date('28-04-1967','DD-MM-YYYY'),'M','B',null,null,'6521',null,7,'cu',null,null);
Insert into ETS_CUST (TRMS_ACEPTNC_DTM,BRTH_DTE,GNDR_CDE,MID_NAM,PRFRD_TST_TAKING_LANG_CDE,PRMRY_SPKNG_LANG_CDE,SSN_LST_4,SRC_ID,CUSTOMER_ID,CUST_TYP_CDE,ETNCTY_CDE,MIL_STS_CDE) values (null,to_date('26-07-1949','DD-MM-YYYY'),'M','B',null,null,'2901',null,19,'cu',null,null);
Insert into ETS_CUST (TRMS_ACEPTNC_DTM,BRTH_DTE,GNDR_CDE,MID_NAM,PRFRD_TST_TAKING_LANG_CDE,PRMRY_SPKNG_LANG_CDE,SSN_LST_4,SRC_ID,CUSTOMER_ID,CUST_TYP_CDE,ETNCTY_CDE,MIL_STS_CDE) values (null,to_date('22-05-1989','DD-MM-YYYY'),'M','T',null,null,'7981',null,20,'cu',null,null);
Insert into ETS_CUST (TRMS_ACEPTNC_DTM,BRTH_DTE,GNDR_CDE,MID_NAM,PRFRD_TST_TAKING_LANG_CDE,PRMRY_SPKNG_LANG_CDE,SSN_LST_4,SRC_ID,CUSTOMER_ID,CUST_TYP_CDE,ETNCTY_CDE,MIL_STS_CDE) values (null,to_date('09-03-1980','DD-MM-YYYY'),'M','B',null,null,'8392',null,3,'cu',null,null);
Insert into ETS_CUST (TRMS_ACEPTNC_DTM,BRTH_DTE,GNDR_CDE,MID_NAM,PRFRD_TST_TAKING_LANG_CDE,PRMRY_SPKNG_LANG_CDE,SSN_LST_4,SRC_ID,CUSTOMER_ID,CUST_TYP_CDE,ETNCTY_CDE,MIL_STS_CDE) values (null,to_date('21-10-1959','DD-MM-YYYY'),'M','U',null,null,'1678',null,9,'cu',null,null);
Insert into ETS_CUST (TRMS_ACEPTNC_DTM,BRTH_DTE,GNDR_CDE,MID_NAM,PRFRD_TST_TAKING_LANG_CDE,PRMRY_SPKNG_LANG_CDE,SSN_LST_4,SRC_ID,CUSTOMER_ID,CUST_TYP_CDE,ETNCTY_CDE,MIL_STS_CDE) values (null,to_date('23-02-1965','DD-MM-YYYY'),'M','I',null,null,'0989',null,8,'cu',null,null);
Insert into ETS_CUST (TRMS_ACEPTNC_DTM,BRTH_DTE,GNDR_CDE,MID_NAM,PRFRD_TST_TAKING_LANG_CDE,PRMRY_SPKNG_LANG_CDE,SSN_LST_4,SRC_ID,CUSTOMER_ID,CUST_TYP_CDE,ETNCTY_CDE,MIL_STS_CDE) values (null,to_date('16-01-1967','DD-MM-YYYY'),'M','D',null,null,'5678',null,10,'cu',null,null);
Insert into ETS_CUST (TRMS_ACEPTNC_DTM,BRTH_DTE,GNDR_CDE,MID_NAM,PRFRD_TST_TAKING_LANG_CDE,PRMRY_SPKNG_LANG_CDE,SSN_LST_4,SRC_ID,CUSTOMER_ID,CUST_TYP_CDE,ETNCTY_CDE,MIL_STS_CDE) values (null,to_date('28-04-1967','DD-MM-YYYY'),'M','O',null,null,'3289',null,11,'cu',null,null);
Insert into ETS_CUST (TRMS_ACEPTNC_DTM,BRTH_DTE,GNDR_CDE,MID_NAM,PRFRD_TST_TAKING_LANG_CDE,PRMRY_SPKNG_LANG_CDE,SSN_LST_4,SRC_ID,CUSTOMER_ID,CUST_TYP_CDE,ETNCTY_CDE,MIL_STS_CDE) values (null,to_date('07-03-1971','DD-MM-YYYY'),'M','C',null,null,'3090',null,12,'cu',null,null);
Insert into ETS_CUST (TRMS_ACEPTNC_DTM,BRTH_DTE,GNDR_CDE,MID_NAM,PRFRD_TST_TAKING_LANG_CDE,PRMRY_SPKNG_LANG_CDE,SSN_LST_4,SRC_ID,CUSTOMER_ID,CUST_TYP_CDE,ETNCTY_CDE,MIL_STS_CDE) values (null,to_date('12-02-1954','DD-MM-YYYY'),'M','V',null,null,'1289',null,13,'cu',null,null);
Insert into ETS_CUST (TRMS_ACEPTNC_DTM,BRTH_DTE,GNDR_CDE,MID_NAM,PRFRD_TST_TAKING_LANG_CDE,PRMRY_SPKNG_LANG_CDE,SSN_LST_4,SRC_ID,CUSTOMER_ID,CUST_TYP_CDE,ETNCTY_CDE,MIL_STS_CDE) values (null,to_date('11-06-1962','DD-MM-YYYY'),'M','W',null,null,'6829',null,14,'cu',null,null);
Insert into ETS_CUST (TRMS_ACEPTNC_DTM,BRTH_DTE,GNDR_CDE,MID_NAM,PRFRD_TST_TAKING_LANG_CDE,PRMRY_SPKNG_LANG_CDE,SSN_LST_4,SRC_ID,CUSTOMER_ID,CUST_TYP_CDE,ETNCTY_CDE,MIL_STS_CDE) values (null,to_date('28-05-1949','DD-MM-YYYY'),'M','S',null,null,'7201',null,15,'cu',null,null);
Insert into ETS_CUST (TRMS_ACEPTNC_DTM,BRTH_DTE,GNDR_CDE,MID_NAM,PRFRD_TST_TAKING_LANG_CDE,PRMRY_SPKNG_LANG_CDE,SSN_LST_4,SRC_ID,CUSTOMER_ID,CUST_TYP_CDE,ETNCTY_CDE,MIL_STS_CDE) values (null,to_date('26-06-1971','DD-MM-YYYY'),'F','Z',null,null,'0718',null,16,'cu',null,null);
Insert into ETS_CUST (TRMS_ACEPTNC_DTM,BRTH_DTE,GNDR_CDE,MID_NAM,PRFRD_TST_TAKING_LANG_CDE,PRMRY_SPKNG_LANG_CDE,SSN_LST_4,SRC_ID,CUSTOMER_ID,CUST_TYP_CDE,ETNCTY_CDE,MIL_STS_CDE) values (null,to_date('28-09-1986','DD-MM-YYYY'),'F','L',null,null,'6798',null,17,'cu',null,null);
Insert into ETS_CUST (TRMS_ACEPTNC_DTM,BRTH_DTE,GNDR_CDE,MID_NAM,PRFRD_TST_TAKING_LANG_CDE,PRMRY_SPKNG_LANG_CDE,SSN_LST_4,SRC_ID,CUSTOMER_ID,CUST_TYP_CDE,ETNCTY_CDE,MIL_STS_CDE) values (null,to_date('15-11-1986','DD-MM-YYYY'),'M','Q',null,null,'4280',null,18,'cu',null,null);
Insert into ETS_CNTRY(ISD_CDE,CNTRY_CDE) values('1','US');
Insert into PHONE_TYP(phone_typ_cde,phone_typ_dsc) values('M','Mobile');
Insert into ets_phone(TEL_EXTNSN_NO,PHONE_ID,CNTRY_CDE,PHONE_TYP_CDE) values(null,'1','US','M');
Insert into ets_phone(TEL_EXTNSN_NO,PHONE_ID,CNTRY_CDE,PHONE_TYP_CDE) values(null,'2','US','M');
--BLC Admin User for CSR Web
INSERT INTO BLC_ADMIN_USER (ADMIN_USER_ID, ACTIVE_STATUS_FLAG, EMAIL, LOGIN, NAME, PASSWORD) VALUES (1, 1, 'john_smith@ets.org', 'john_smith', 'John Smith', 'password');
INSERT INTO BLC_ADMIN_USER (ADMIN_USER_ID, ACTIVE_STATUS_FLAG, EMAIL, LOGIN, NAME, PASSWORD) VALUES (2, 1, 'test@ets.org', 'test', 'test', 'password');
INSERT INTO BLC_ADMIN_USER (ADMIN_USER_ID, ACTIVE_STATUS_FLAG, EMAIL, LOGIN, NAME, PASSWORD) VALUES (3, 1, 'ereg_developer@ets.org', 'ereg_developer', 'EReg Developer', 'password');
INSERT INTO BLC_ADMIN_USER (ADMIN_USER_ID, ACTIVE_STATUS_FLAG, EMAIL, LOGIN, NAME, PASSWORD) VALUES (4, 1, 'rdash001@ets.org', 'rdash', 'Rakesh Dash', 'password');
INSERT INTO BLC_ADMIN_USER (ADMIN_USER_ID, ACTIVE_STATUS_FLAG, EMAIL, LOGIN, NAME, PASSWORD) VALUES (5, 1, 'ereg_analysts@ets.org', 'ereg_analysts', 'Analysts Team', 'password');

---ETS Admin User
INSERT INTO ETS_ADM_USR (ADMIN_USER_ID, FIRST_NAME, LAST_NAME, INTRNL_USR_FLG, LDAP_GUID_ID) VALUES (1 ,'John', 'Smith', 'Y', 'jsmithguid');
INSERT INTO ETS_ADM_USR (ADMIN_USER_ID, FIRST_NAME, LAST_NAME) VALUES (2,'test', 'test');
INSERT INTO ETS_ADM_USR (ADMIN_USER_ID, FIRST_NAME, LAST_NAME) VALUES (3, 'ereg_developer', 'EReg Developer');
INSERT INTO ETS_ADM_USR (ADMIN_USER_ID, FIRST_NAME, LAST_NAME) VALUES (4, 'Rakesh', 'Dash');
INSERT INTO ETS_ADM_USR (ADMIN_USER_ID, FIRST_NAME, LAST_NAME) VALUES (5, 'Analysts', 'Team');


INSERT INTO ADR_PRPS(ADR_PRPS_CDE, ADR_PRPS_DSC, ADR_PRPS_DSPLY_SEQ) VALUES ('HOME', 'Home address', 1);

Insert into ETS_ADR (ADDRESS_ID, ADR_PRPS_CDE, LTD_DEG, LNGTD_DEG) values(1, 'HOME', 40.205214, -74.631162);


Insert into ORG_RLE_TYP(ORG_RLE_TYP_CDE, ORG_RLE_TYP_DSC, ORG_RLE_TYP_DSPLY_SEQ, DSPLY_DTA_FLG) values('ORLE1', 'Organization Role 1', 1, 'N');

Insert into ORG(ORG_ID_NO, ORG_RLE_TYP_CDE, ORG_NAM, ACTV_FLG) values(1, 'ORLE1', 'Prometric Testing Center', 'Y');
Insert into ORG_ADR(ORG_ID_NO, ADDRESS_ID) values(1,1);
Insert into ORG_PHONE(ORG_ID_NO, PHONE_ID) values(1,1);

INSERT INTO DLVY_MDE (DLVY_MDE_CDE, DLVY_MDE_DSC) VALUES ('PBT', 'Paper-based.');
INSERT INTO DLVY_MDE (DLVY_MDE_CDE, DLVY_MDE_DSC) VALUES ('CBT', 'Computer-based.');
Insert into TST_CNTR(TST_CNTR_ID_NO, RSTRCT_ACS_FLG) values(1, 'N');
INSERT INTO PGM (PGM_CDE, PGM_NAM, PGM_DSPLY_SEQ, DSPLY_DTA_FLG) VALUES ('HSE','High School Equivalency Test', 9, 'Y');
Insert into TST_CNTR_DLVY_MDE(TST_CNTR_ID_NO, DLVY_MDE_CDE) values(1, 'PBT');
Insert into TST_CNTR_DLVY_MDE(TST_CNTR_ID_NO, DLVY_MDE_CDE) values(1, 'CBT');
Insert into TST_CNTR_PGM(TST_CNTR_ID_NO, PGM_CDE) values(1, 'HSE');


insert into TST_STS_TYP(TST_STS_TYP_CDE,TST_STS_TYP_DSC, DSPLY_DTA_FLG) values('SCDL','SCHEDULED','Y');
insert into TST_STS_TYP(TST_STS_TYP_CDE,TST_STS_TYP_DSC, DSPLY_DTA_FLG) values('RSCDL','RESCHEDULED','Y');

Insert into HIER_TYP (HIER_TYP_CDE,DSC) values ('TST','Hierarchy Test');
Insert into EREG_HIER (EREG_HIER_ID,HIER_NAM,PARNT_EREG_HIER_ID,HIER_TYP_CDE,HIER_LVL) values (1,'HSET_TEST',null,'TST',1);

insert into TST(PGM_CDE,DSPLY_DTA_FLG,TST_ID,TST_DURN,SCHDLG_DURN) values('HSE','Y',7,150,150);

insert into TST_TKR_TST(TST_TKR_TST_ID,TST_STS_TYP_CDE,CUSTOMER_ID) values(1,'SCDL',1);
insert into FRM_TYP(FRM_TYP_CDE,FRM_TYP_DSC,DSPLY_DTA_FLG) values('TEST','TEST','Y');
insert into BKNG_STS_TYP(BKNG_STS_TYP_CDE,BKNG_STS_TYP_DSC,DSPLY_DTA_FLG) values('RSRVD','RESERVED','Y');
insert into lang(lang_cde,lang_dsc,lang_dsply_seq,dsply_dta_flg) values ('EN','English',1,'Y');
insert into lang(lang_cde,lang_dsc,lang_dsply_seq,dsply_dta_flg) values ('ES','Spanish',1,'Y');
insert into FRM(FRM_ID,TST_ID,EFF_DTE,FRM_DSC) values(1,7,to_date('01-01-2013','DD-MM-YYYY'),'FORM A');

insert into TST_VARTN(TST_ID,LANG_CDE,DLVY_MDE_CDE,SCHDLG_TST_CDE,TST_CDE) values (7,'EN','CBT','900','MATH');
insert into BKNG(APNTMT_DT,BKNG_ID,TM_ZN_OFST_QTY,BKNG_STS_TYP_CDE,FRM_ID,TST_TKR_TST_ID,TST_CNTR_ID_NO,TST_ID,LANG_CDE,DLVY_MDE_CDE) values(to_date('01-01-2013','DD-MM-YYYY'),1,-4,'RSRVD',1,1,1,7,'EN','CBT');
insert into TST_CNTR_ADMIN(ADMIN_USER_ID,TST_CNTR_ID_NO)values(2,1);






