
INSERT INTO ORG (ORG_ID_NO, ACTV_FLG, ORG_NAM, ORG_RLE_TYP_CDE) VALUES ('46', 'Y', 'New York Agency', 'AGNCY');
INSERT INTO AGNCY (AGNCY_ID_NO) VALUES ('46');
INSERT INTO AGNCY_PGM (AGNCY_ID_NO, PGM_CDE, SCHDLG_TYP_CDE) VALUES ('46', 'HSE', 'TCAM');
INSERT INTO ORG (ORG_ID_NO, ACTV_FLG, ORG_NAM, ORG_RLE_TYP_CDE) VALUES ('47', 'Y', 'State of Missouri', 'AGNCY');
INSERT INTO AGNCY (AGNCY_ID_NO) VALUES ('47');
INSERT INTO AGNCY_PGM (AGNCY_ID_NO, PGM_CDE, SCHDLG_TYP_CDE) VALUES ('47', 'HSE', 'CANDM');
INSERT INTO ORG (ORG_ID_NO, ACTV_FLG, ORG_NAM, ORG_RLE_TYP_CDE) VALUES ('10001', 'Y', 'State of Montana', 'AGNCY');
INSERT INTO AGNCY (AGNCY_ID_NO) VALUES ('10001');
INSERT INTO AGNCY_PGM (AGNCY_ID_NO, PGM_CDE, SCHDLG_TYP_CDE) VALUES ('10001', 'HSE', 'CANDM');
INSERT INTO ORG (ORG_ID_NO, ACTV_FLG, ORG_NAM, ORG_RLE_TYP_CDE) VALUES ('10002', 'Y', 'State of New Hampshire', 'AGNCY');
INSERT INTO AGNCY (AGNCY_ID_NO) VALUES ('10002');
INSERT INTO AGNCY_PGM (AGNCY_ID_NO, PGM_CDE, SCHDLG_TYP_CDE) VALUES ('10002', 'HSE', 'TCAM');

Insert into BLC_ADDRESS (ADDRESS_ID,ADDRESS_LINE1,CITY,STATE_PROV_REGION,COUNTRY,POSTAL_CODE,IS_ACTIVE,IS_BUSINESS,IS_DEFAULT) values (1, '35-01 Union Street', 'Flushing','NY','US','11354',1,1,1);
Insert into ETS_ADR (ADDRESS_ID, ADR_PRPS_CDE, LTD_DEG, LNGTD_DEG) values(1, 'HOME', 40.7648680,-73.8268190);
Insert into BLC_PHONE (PHONE_ID,IS_ACTIVE,IS_DEFAULT,PHONE_NUMBER) values (1,1,1,'7188887500');
Insert into ETS_PHONE(TEL_EXTNSN_NO,PHONE_ID,CNTRY_CDE,PHONE_TYP_CDE) values(null,'1','US','L');
Insert into ORG(ORG_ID_NO, ORG_RLE_TYP_CDE, ORG_NAM, ACTV_FLG, WEB_URL) values(1, 'ORLE1', 'Flushing High School', 'Y', 'www.testcenter.com');
Insert into ORG_ADR(ORG_ID_NO, ADDRESS_ID) values(1,1);
Insert into ORG_PHONE(ORG_ID_NO, PHONE_ID) values(1,1);
Insert into TST_CNTR(TST_CNTR_ID_NO, RSTRCT_ACS_FLG, RSTRCT_ACS_RSN_CDE, OFC_HR_TXT, TM_ZN_STD_CDE, TST_CNTR_TYP_CDE) values(1, 'Y', 'MIL', 'Monday - Friday : 9:00 AM - 5:00 PM\nSaturday, Sunday: Closed', 'EST', 'ST');
Insert into TST_CNTR_DLVY_MDE(TST_CNTR_ID_NO, DLVY_MDE_CDE) values(1, 'PBT');
Insert into TST_CNTR_DLVY_MDE(TST_CNTR_ID_NO, DLVY_MDE_CDE) values(1, 'CBT');
Insert into TST_CNTR_PGM(TST_CNTR_ID_NO, PGM_CDE, AGNCY_ID_NO) values(1, 'HSE', 46);

Insert into BLC_ADDRESS (ADDRESS_ID,ADDRESS_LINE1,CITY,STATE_PROV_REGION,COUNTRY,POSTAL_CODE,IS_ACTIVE,IS_BUSINESS,IS_DEFAULT) values (2, '158-29 Archer Avenue', 'Jamaica','NY','US','11433',1,1,1);
Insert into ETS_ADR (ADDRESS_ID, ADR_PRPS_CDE, LTD_DEG, LNGTD_DEG) values(2, 'HOME', 40.7027746,-73.7993049);
Insert into BLC_PHONE (PHONE_ID,IS_ACTIVE,IS_DEFAULT,PHONE_NUMBER) values (2,1,0,'7187253300');
Insert into ETS_PHONE(TEL_EXTNSN_NO,PHONE_ID,CNTRY_CDE,PHONE_TYP_CDE) values(null,'2','US','L');
Insert into ORG(ORG_ID_NO, ORG_RLE_TYP_CDE, ORG_NAM, ACTV_FLG) values(2, 'ORLE1', 'SUNY-Queens EOC', 'Y');
Insert into ORG_ADR(ORG_ID_NO, ADDRESS_ID) values(2,2);
Insert into ORG_PHONE(ORG_ID_NO, PHONE_ID) values(2,2);
Insert into TST_CNTR(TST_CNTR_ID_NO, RSTRCT_ACS_FLG, TM_ZN_STD_CDE, TST_CNTR_TYP_CDE) values(2, 'N', 'EST', 'ST');
Insert into TST_CNTR_DLVY_MDE(TST_CNTR_ID_NO, DLVY_MDE_CDE) values(2, 'PBT');
Insert into TST_CNTR_DLVY_MDE(TST_CNTR_ID_NO, DLVY_MDE_CDE) values(2, 'CBT');
Insert into TST_CNTR_PGM(TST_CNTR_ID_NO, PGM_CDE, AGNCY_ID_NO) values(2, 'HSE', 46);

Insert into BLC_ADDRESS (ADDRESS_ID,ADDRESS_LINE1,CITY,STATE_PROV_REGION,COUNTRY,POSTAL_CODE,IS_ACTIVE,IS_BUSINESS,IS_DEFAULT) values (3, '31-10 Thompson Avenue', 'Long Island City','NY','US','11101',1,1,1);
Insert into ETS_ADR (ADDRESS_ID, ADR_PRPS_CDE, LTD_DEG, LNGTD_DEG) values(3, 'HOME', 40.7439510,-73.9351540);
Insert into BLC_PHONE (PHONE_ID,IS_ACTIVE,IS_DEFAULT,PHONE_NUMBER) values (3,1,1,'7184826168');
Insert into ETS_PHONE(TEL_EXTNSN_NO,PHONE_ID,CNTRY_CDE,PHONE_TYP_CDE) values(null,'3','US','L');
Insert into ORG(ORG_ID_NO, ORG_RLE_TYP_CDE, ORG_NAM, ACTV_FLG) values(3, 'ORLE1', 'Laguardia Community College', 'Y');
Insert into ORG_ADR(ORG_ID_NO, ADDRESS_ID) values(3,3);
Insert into ORG_PHONE(ORG_ID_NO, PHONE_ID) values(3,3);
Insert into TST_CNTR(TST_CNTR_ID_NO, RSTRCT_ACS_FLG, TM_ZN_STD_CDE, TST_CNTR_TYP_CDE) values(3, 'N', 'EST', 'ST');
Insert into TST_CNTR_DLVY_MDE(TST_CNTR_ID_NO, DLVY_MDE_CDE) values(3, 'PBT');
Insert into TST_CNTR_DLVY_MDE(TST_CNTR_ID_NO, DLVY_MDE_CDE) values(3, 'CBT');
Insert into TST_CNTR_PGM(TST_CNTR_ID_NO, PGM_CDE, AGNCY_ID_NO) values(3, 'HSE', 46);

Insert into BLC_ADDRESS (ADDRESS_ID,ADDRESS_LINE1,CITY,STATE_PROV_REGION,COUNTRY,POSTAL_CODE,IS_ACTIVE,IS_BUSINESS,IS_DEFAULT) values (4, '475 Nostrand Avenue', 'Brooklyn','NY','US','11216',1,1,1);
Insert into ETS_ADR (ADDRESS_ID, ADR_PRPS_CDE, LTD_DEG, LNGTD_DEG) values(4, 'HOME',40.6815450,-73.9496984);
Insert into BLC_PHONE (PHONE_ID,IS_ACTIVE,IS_DEFAULT,PHONE_NUMBER) values (4,1,0,'7186382635');
Insert into ETS_PHONE(TEL_EXTNSN_NO,PHONE_ID,CNTRY_CDE,PHONE_TYP_CDE) values(null,'4','US','L');
Insert into ORG(ORG_ID_NO, ORG_RLE_TYP_CDE, ORG_NAM, ACTV_FLG) values(4, 'ORLE1', 'Brooklyn Adult Learning Center', 'Y');
Insert into ORG_ADR(ORG_ID_NO, ADDRESS_ID) values(4,4);
Insert into ORG_PHONE(ORG_ID_NO, PHONE_ID) values(4,4);
Insert into TST_CNTR(TST_CNTR_ID_NO, RSTRCT_ACS_FLG, TM_ZN_STD_CDE, TST_CNTR_TYP_CDE) values(4, 'N', 'EST', 'ST');
Insert into TST_CNTR_DLVY_MDE(TST_CNTR_ID_NO, DLVY_MDE_CDE) values(4, 'PBT');
Insert into TST_CNTR_DLVY_MDE(TST_CNTR_ID_NO, DLVY_MDE_CDE) values(4, 'CBT');
Insert into TST_CNTR_PGM(TST_CNTR_ID_NO, PGM_CDE, AGNCY_ID_NO) values(4, 'HSE', 46);

Insert into BLC_ADDRESS (ADDRESS_ID,ADDRESS_LINE1,CITY,STATE_PROV_REGION,COUNTRY,POSTAL_CODE,IS_ACTIVE,IS_BUSINESS,IS_DEFAULT) values (5, '1011 First Ave, 6th Floor', 'New York','NY','US','10022',1,1,1);
Insert into ETS_ADR (ADDRESS_ID, ADR_PRPS_CDE, LTD_DEG, LNGTD_DEG) values(5, 'HOME',40.7574435,-73.9635901);
Insert into BLC_PHONE (PHONE_ID,IS_ACTIVE,IS_DEFAULT,PHONE_NUMBER) values (5,1,1,'2123711011');
Insert into ETS_PHONE(TEL_EXTNSN_NO,PHONE_ID,CNTRY_CDE,PHONE_TYP_CDE) values('2016','5','US','L');
Insert into ORG(ORG_ID_NO, ORG_RLE_TYP_CDE, ORG_NAM, ACTV_FLG) values(5, 'ORLE1', 'Catholic Guild for the Blind', 'Y');
Insert into ORG_ADR(ORG_ID_NO, ADDRESS_ID) values(5,5);
Insert into ORG_PHONE(ORG_ID_NO, PHONE_ID) values(5,5);
Insert into TST_CNTR(TST_CNTR_ID_NO, RSTRCT_ACS_FLG, TM_ZN_STD_CDE, TST_CNTR_TYP_CDE) values(5, 'N', 'EST', 'ST');
Insert into TST_CNTR_DLVY_MDE(TST_CNTR_ID_NO, DLVY_MDE_CDE) values(5, 'PBT');
Insert into TST_CNTR_DLVY_MDE(TST_CNTR_ID_NO, DLVY_MDE_CDE) values(5, 'CBT');
Insert into TST_CNTR_PGM(TST_CNTR_ID_NO, PGM_CDE, AGNCY_ID_NO) values(5, 'HSE', 46);

Insert into BLC_ADDRESS (ADDRESS_ID,ADDRESS_LINE1,CITY,STATE_PROV_REGION,COUNTRY,POSTAL_CODE,IS_ACTIVE,IS_BUSINESS,IS_DEFAULT) values (6, '1650 Bedford Avenue', 'Brooklyn','NY','US','11225',1,1,1);
Insert into ETS_ADR (ADDRESS_ID, ADR_PRPS_CDE, LTD_DEG, LNGTD_DEG) values(6, 'HOME',40.6662402,-73.9573494);
Insert into BLC_PHONE (PHONE_ID,IS_ACTIVE,IS_DEFAULT,PHONE_NUMBER) values (6,1,0,'7182704835');
Insert into ETS_PHONE(TEL_EXTNSN_NO,PHONE_ID,CNTRY_CDE,PHONE_TYP_CDE) values(null,'6','US','L');
Insert into ORG(ORG_ID_NO, ORG_RLE_TYP_CDE, ORG_NAM, ACTV_FLG) values(6, 'ORLE1', 'Medgar Evers College', 'Y');
Insert into ORG_ADR(ORG_ID_NO, ADDRESS_ID) values(6,6);
Insert into ORG_PHONE(ORG_ID_NO, PHONE_ID) values(6,6);
Insert into TST_CNTR(TST_CNTR_ID_NO, RSTRCT_ACS_FLG, TM_ZN_STD_CDE, TST_CNTR_TYP_CDE) values(6, 'N', 'EST', 'ST');
Insert into TST_CNTR_DLVY_MDE(TST_CNTR_ID_NO, DLVY_MDE_CDE) values(6, 'PBT');
Insert into TST_CNTR_DLVY_MDE(TST_CNTR_ID_NO, DLVY_MDE_CDE) values(6, 'CBT');
Insert into TST_CNTR_PGM(TST_CNTR_ID_NO, PGM_CDE, AGNCY_ID_NO) values(6, 'HSE', 46);

Insert into BLC_ADDRESS (ADDRESS_ID,ADDRESS_LINE1,CITY,STATE_PROV_REGION,COUNTRY,POSTAL_CODE,IS_ACTIVE,IS_BUSINESS,IS_DEFAULT) values (7, '210 Alexander Avenue', 'Bronx','NY','US','10454',1,1,1);
Insert into ETS_ADR (ADDRESS_ID, ADR_PRPS_CDE, LTD_DEG, LNGTD_DEG) values(7, 'HOME',40.8091750,-73.9255509);
Insert into BLC_PHONE (PHONE_ID,IS_ACTIVE,IS_DEFAULT,PHONE_NUMBER) values (7,1,1,'7186655250');
Insert into ETS_PHONE(TEL_EXTNSN_NO,PHONE_ID,CNTRY_CDE,PHONE_TYP_CDE) values(null,'7','US','L');
Insert into ORG(ORG_ID_NO, ORG_RLE_TYP_CDE, ORG_NAM, ACTV_FLG) values(7, 'ORLE1', 'Mitchel Community Center', 'Y');
Insert into ORG_ADR(ORG_ID_NO, ADDRESS_ID) values(7,7);
Insert into ORG_PHONE(ORG_ID_NO, PHONE_ID) values(7,7);
Insert into TST_CNTR(TST_CNTR_ID_NO, RSTRCT_ACS_FLG, TM_ZN_STD_CDE, TST_CNTR_TYP_CDE) values(7, 'N', 'EST', 'ST');
Insert into TST_CNTR_DLVY_MDE(TST_CNTR_ID_NO, DLVY_MDE_CDE) values(7, 'PBT');
Insert into TST_CNTR_DLVY_MDE(TST_CNTR_ID_NO, DLVY_MDE_CDE) values(7, 'CBT');
Insert into TST_CNTR_PGM(TST_CNTR_ID_NO, PGM_CDE, AGNCY_ID_NO) values(7, 'HSE', 46);

Insert into BLC_ADDRESS (ADDRESS_ID,ADDRESS_LINE1,CITY,STATE_PROV_REGION,COUNTRY,POSTAL_CODE,IS_ACTIVE,IS_BUSINESS,IS_DEFAULT) values (8, '24 West 61st St', 'New York','NY','US','10023',1,1,1);
Insert into ETS_ADR (ADDRESS_ID, ADR_PRPS_CDE, LTD_DEG, LNGTD_DEG) values(8, 'HOME',40.7699458,-73.9826457);
Insert into BLC_PHONE (PHONE_ID,IS_ACTIVE,IS_DEFAULT,PHONE_NUMBER) values (8,1,0,'2128307783');
Insert into ETS_PHONE(TEL_EXTNSN_NO,PHONE_ID,CNTRY_CDE,PHONE_TYP_CDE) values(null,'8','US','L');
Insert into ORG(ORG_ID_NO, ORG_RLE_TYP_CDE, ORG_NAM, ACTV_FLG) values(8, 'ORLE1', 'Chelsea Recreation Center', 'Y');
Insert into ORG_ADR(ORG_ID_NO, ADDRESS_ID) values(8,8);
Insert into ORG_PHONE(ORG_ID_NO, PHONE_ID) values(8,8);
Insert into TST_CNTR(TST_CNTR_ID_NO, RSTRCT_ACS_FLG, TM_ZN_STD_CDE, TST_CNTR_TYP_CDE) values(8, 'N', 'EST', 'ST');
Insert into TST_CNTR_DLVY_MDE(TST_CNTR_ID_NO, DLVY_MDE_CDE) values(8, 'PBT');
Insert into TST_CNTR_DLVY_MDE(TST_CNTR_ID_NO, DLVY_MDE_CDE) values(8, 'CBT');
Insert into TST_CNTR_PGM(TST_CNTR_ID_NO, PGM_CDE, AGNCY_ID_NO) values(8, 'HSE', 46);

Insert into BLC_ADDRESS (ADDRESS_ID,ADDRESS_LINE1,CITY,STATE_PROV_REGION,COUNTRY,POSTAL_CODE,IS_ACTIVE,IS_BUSINESS,IS_DEFAULT) values (9, '119 West 19th St', 'New York','NY','US','10011',1,1,1);
Insert into ETS_ADR (ADDRESS_ID, ADR_PRPS_CDE, LTD_DEG, LNGTD_DEG) values(9, 'HOME',40.7409784,-73.9954437);
Insert into BLC_PHONE (PHONE_ID,IS_ACTIVE,IS_DEFAULT,PHONE_NUMBER) values (9,1,1,'2127274345');
Insert into ETS_PHONE(TEL_EXTNSN_NO,PHONE_ID,CNTRY_CDE,PHONE_TYP_CDE) values(null,'9','US','L');
Insert into ORG(ORG_ID_NO, ORG_RLE_TYP_CDE, ORG_NAM, ACTV_FLG) values(9, 'ORLE1', 'FEDCAP', 'Y');
Insert into ORG_ADR(ORG_ID_NO, ADDRESS_ID) values(9,9);
Insert into ORG_PHONE(ORG_ID_NO, PHONE_ID) values(9,9);
Insert into TST_CNTR(TST_CNTR_ID_NO, RSTRCT_ACS_FLG, TM_ZN_STD_CDE, TST_CNTR_TYP_CDE) values(9, 'N', 'EST', 'ST');
Insert into TST_CNTR_DLVY_MDE(TST_CNTR_ID_NO, DLVY_MDE_CDE) values(9, 'PBT');
Insert into TST_CNTR_DLVY_MDE(TST_CNTR_ID_NO, DLVY_MDE_CDE) values(9, 'CBT');
Insert into TST_CNTR_PGM(TST_CNTR_ID_NO, PGM_CDE, AGNCY_ID_NO) values(9, 'HSE', 46);

Insert into BLC_ADDRESS (ADDRESS_ID,ADDRESS_LINE1,CITY,STATE_PROV_REGION,COUNTRY,POSTAL_CODE,IS_ACTIVE,IS_BUSINESS,IS_DEFAULT) values (10, '111 Livingston Street', 'Brooklyn','NY','US','11201',1,1,1);
Insert into ETS_ADR (ADDRESS_ID, ADR_PRPS_CDE, LTD_DEG, LNGTD_DEG) values(10, 'HOME',40.6915878,-73.9898898);
Insert into BLC_PHONE (PHONE_ID,IS_ACTIVE,IS_DEFAULT,PHONE_NUMBER) values (10,1,0,'7188023354');
Insert into ETS_PHONE(TEL_EXTNSN_NO,PHONE_ID,CNTRY_CDE,PHONE_TYP_CDE) values(null,'10','US','L');
Insert into ORG(ORG_ID_NO, ORG_RLE_TYP_CDE, ORG_NAM, ACTV_FLG) values(10, 'ORLE1', 'SUNY- Brooklyn EOC', 'Y');
Insert into ORG_ADR(ORG_ID_NO, ADDRESS_ID) values(10,10);
Insert into ORG_PHONE(ORG_ID_NO, PHONE_ID) values(10,10);
Insert into TST_CNTR(TST_CNTR_ID_NO, RSTRCT_ACS_FLG, TM_ZN_STD_CDE, TST_CNTR_TYP_CDE) values(10, 'N', 'EST', 'ST');
Insert into TST_CNTR_DLVY_MDE(TST_CNTR_ID_NO, DLVY_MDE_CDE) values(10, 'PBT');
Insert into TST_CNTR_DLVY_MDE(TST_CNTR_ID_NO, DLVY_MDE_CDE) values(10, 'CBT');
Insert into TST_CNTR_PGM(TST_CNTR_ID_NO, PGM_CDE, AGNCY_ID_NO) values(10, 'HSE', 46);

Insert into BLC_ADDRESS (ADDRESS_ID,ADDRESS_LINE1,CITY,STATE_PROV_REGION,COUNTRY,POSTAL_CODE,IS_ACTIVE,IS_BUSINESS,IS_DEFAULT) values (11, '163 West 125th Street', 'New York','NY','US','10027',1,1,1);
Insert into ETS_ADR (ADDRESS_ID, ADR_PRPS_CDE, LTD_DEG, LNGTD_DEG) values(11, 'HOME',40.8084877,-73.9471511);
Insert into BLC_PHONE (PHONE_ID,IS_ACTIVE,IS_DEFAULT,PHONE_NUMBER) values (11,1,1,'2129616047');
Insert into ETS_PHONE(TEL_EXTNSN_NO,PHONE_ID,CNTRY_CDE,PHONE_TYP_CDE) values(null,'11','US','L');
Insert into ORG(ORG_ID_NO, ORG_RLE_TYP_CDE, ORG_NAM, ACTV_FLG) values(11, 'ORLE1', 'SUNY-Manhattan EOC', 'Y');
Insert into ORG_ADR(ORG_ID_NO, ADDRESS_ID) values(11,11);
Insert into ORG_PHONE(ORG_ID_NO, PHONE_ID) values(11,11);
Insert into TST_CNTR(TST_CNTR_ID_NO, RSTRCT_ACS_FLG, TM_ZN_STD_CDE, TST_CNTR_TYP_CDE) values(11, 'N', 'EST', 'ST');
Insert into TST_CNTR_DLVY_MDE(TST_CNTR_ID_NO, DLVY_MDE_CDE) values(11, 'PBT');
Insert into TST_CNTR_DLVY_MDE(TST_CNTR_ID_NO, DLVY_MDE_CDE) values(11, 'CBT');
Insert into TST_CNTR_PGM(TST_CNTR_ID_NO, PGM_CDE, AGNCY_ID_NO) values(11, 'HSE', 46);

Insert into BLC_ADDRESS (ADDRESS_ID,ADDRESS_LINE1,CITY,STATE_PROV_REGION,COUNTRY,POSTAL_CODE,IS_ACTIVE,IS_BUSINESS,IS_DEFAULT) values (12, '212 West 120th Street', 'New York','NY','US','10027',1,1,1);
Insert into ETS_ADR (ADDRESS_ID, ADR_PRPS_CDE, LTD_DEG, LNGTD_DEG) values(12, 'HOME',40.8061552,-73.9516377);
Insert into BLC_PHONE (PHONE_ID,IS_ACTIVE,IS_DEFAULT,PHONE_NUMBER) values (12,1,0,'2126661919');
Insert into ETS_PHONE(TEL_EXTNSN_NO,PHONE_ID,CNTRY_CDE,PHONE_TYP_CDE) values(null,'12','US','L');
Insert into ORG(ORG_ID_NO, ORG_RLE_TYP_CDE, ORG_NAM, ACTV_FLG) values(12, 'ORLE1', 'Mid-Manhattan Adult Learning Center', 'Y');
Insert into ORG_ADR(ORG_ID_NO, ADDRESS_ID) values(12,12);
Insert into ORG_PHONE(ORG_ID_NO, PHONE_ID) values(12,12);
Insert into TST_CNTR(TST_CNTR_ID_NO, RSTRCT_ACS_FLG, TM_ZN_STD_CDE, TST_CNTR_TYP_CDE) values(12, 'N', 'EST', 'ST');
Insert into TST_CNTR_DLVY_MDE(TST_CNTR_ID_NO, DLVY_MDE_CDE) values(12, 'PBT');
Insert into TST_CNTR_DLVY_MDE(TST_CNTR_ID_NO, DLVY_MDE_CDE) values(12, 'CBT');
Insert into TST_CNTR_PGM(TST_CNTR_ID_NO, PGM_CDE, AGNCY_ID_NO) values(12, 'HSE', 46);

Insert into BLC_ADDRESS (ADDRESS_ID,ADDRESS_LINE1,CITY,STATE_PROV_REGION,COUNTRY,POSTAL_CODE,IS_ACTIVE,IS_BUSINESS,IS_DEFAULT) values (13, '127 West 127th St', 'New York','NY','US','10027',1,1,1);
Insert into ETS_ADR (ADDRESS_ID, ADR_PRPS_CDE, LTD_DEG, LNGTD_DEG) values(13, 'HOME',40.8097173,-73.9457641);
Insert into BLC_PHONE (PHONE_ID,IS_ACTIVE,IS_DEFAULT,PHONE_NUMBER) values (13,1,1,'2129963949');
Insert into ETS_PHONE(TEL_EXTNSN_NO,PHONE_ID,CNTRY_CDE,PHONE_TYP_CDE) values(null,'13','US','L');
Insert into ORG(ORG_ID_NO, ORG_RLE_TYP_CDE, ORG_NAM, ACTV_FLG) values(13, 'ORLE1', 'Hanac Begin', 'Y');
Insert into ORG_ADR(ORG_ID_NO, ADDRESS_ID) values(13,13);
Insert into ORG_PHONE(ORG_ID_NO, PHONE_ID) values(13,13);
Insert into TST_CNTR(TST_CNTR_ID_NO, RSTRCT_ACS_FLG, TM_ZN_STD_CDE, TST_CNTR_TYP_CDE) values(13, 'N', 'EST', 'ST');
Insert into TST_CNTR_DLVY_MDE(TST_CNTR_ID_NO, DLVY_MDE_CDE) values(13, 'PBT');
Insert into TST_CNTR_DLVY_MDE(TST_CNTR_ID_NO, DLVY_MDE_CDE) values(13, 'CBT');
Insert into TST_CNTR_PGM(TST_CNTR_ID_NO, PGM_CDE, AGNCY_ID_NO) values(13, 'HSE', 46);

Insert into BLC_ADDRESS (ADDRESS_ID,ADDRESS_LINE1,CITY,STATE_PROV_REGION,COUNTRY,POSTAL_CODE,IS_ACTIVE,IS_BUSINESS,IS_DEFAULT) values (14, '3450 East Tremont Avenue', 'Bronx','NY','US','10465',1,1,1);
Insert into ETS_ADR (ADDRESS_ID, ADR_PRPS_CDE, LTD_DEG, LNGTD_DEG) values(14, 'HOME',40.8318230,-73.8276620);
Insert into BLC_PHONE (PHONE_ID,IS_ACTIVE,IS_DEFAULT,PHONE_NUMBER) values (14,1,1,'7188634359');
Insert into ETS_PHONE(TEL_EXTNSN_NO,PHONE_ID,CNTRY_CDE,PHONE_TYP_CDE) values(null,'14','US','L');
Insert into ORG(ORG_ID_NO, ORG_RLE_TYP_CDE, ORG_NAM, ACTV_FLG) values(14, 'ORLE1', 'Bronx Adult Learning Center', 'Y');
Insert into ORG_ADR(ORG_ID_NO, ADDRESS_ID) values(14,14);
Insert into ORG_PHONE(ORG_ID_NO, PHONE_ID) values(14,14);
Insert into TST_CNTR(TST_CNTR_ID_NO, RSTRCT_ACS_FLG, TM_ZN_STD_CDE, TST_CNTR_TYP_CDE) values(14, 'N', 'EST', 'ST');
Insert into TST_CNTR_DLVY_MDE(TST_CNTR_ID_NO, DLVY_MDE_CDE) values(14, 'PBT');
Insert into TST_CNTR_DLVY_MDE(TST_CNTR_ID_NO, DLVY_MDE_CDE) values(14, 'CBT');
Insert into TST_CNTR_PGM(TST_CNTR_ID_NO, PGM_CDE, AGNCY_ID_NO) values(14, 'HSE', 46);

Insert into BLC_ADDRESS (ADDRESS_ID,ADDRESS_LINE1,CITY,STATE_PROV_REGION,COUNTRY,POSTAL_CODE,IS_ACTIVE,IS_BUSINESS,IS_DEFAULT) values (15, '2900 Bedford Avenue', 'Brooklyn','NY','US','11210',1,1,1);
Insert into ETS_ADR (ADDRESS_ID, ADR_PRPS_CDE, LTD_DEG, LNGTD_DEG) values(15, 'HOME',40.6319593,-73.9527159);
Insert into BLC_PHONE (PHONE_ID,IS_ACTIVE,IS_DEFAULT,PHONE_NUMBER) values (15,1,1,'7189514117');
Insert into ETS_PHONE(TEL_EXTNSN_NO,PHONE_ID,CNTRY_CDE,PHONE_TYP_CDE) values(null,'15','US','L');
Insert into ORG(ORG_ID_NO, ORG_RLE_TYP_CDE, ORG_NAM, ACTV_FLG) values(15, 'ORLE1', 'Brooklyn College Adult Literacy', 'Y');
Insert into ORG_ADR(ORG_ID_NO, ADDRESS_ID) values(15,15);
Insert into ORG_PHONE(ORG_ID_NO, PHONE_ID) values(15,15);
Insert into TST_CNTR(TST_CNTR_ID_NO, RSTRCT_ACS_FLG, TM_ZN_STD_CDE, TST_CNTR_TYP_CDE) values(15, 'N', 'EST', 'ST');
Insert into TST_CNTR_DLVY_MDE(TST_CNTR_ID_NO, DLVY_MDE_CDE) values(15, 'PBT');
Insert into TST_CNTR_DLVY_MDE(TST_CNTR_ID_NO, DLVY_MDE_CDE) values(15, 'CBT');
Insert into TST_CNTR_PGM(TST_CNTR_ID_NO, PGM_CDE, AGNCY_ID_NO) values(15, 'HSE', 46);

Insert into BLC_ADDRESS (ADDRESS_ID,ADDRESS_LINE1,CITY,STATE_PROV_REGION,COUNTRY,POSTAL_CODE,IS_ACTIVE,IS_BUSINESS,IS_DEFAULT) values (16, '1666 Bathgate Ave', 'Bronx','NY','US','10457',1,1,1);
Insert into ETS_ADR (ADDRESS_ID, ADR_PRPS_CDE, LTD_DEG, LNGTD_DEG) values(16, 'HOME',40.8405982,-73.9004187);
Insert into BLC_PHONE (PHONE_ID,IS_ACTIVE,IS_DEFAULT,PHONE_NUMBER) values (16,1,1,'7185307037');
Insert into ETS_PHONE(TEL_EXTNSN_NO,PHONE_ID,CNTRY_CDE,PHONE_TYP_CDE) values(null,'16','US','L');
Insert into ORG(ORG_ID_NO, ORG_RLE_TYP_CDE, ORG_NAM, ACTV_FLG) values(16, 'ORLE1', 'Bronx Educational Opportunity Center', 'Y');
Insert into ORG_ADR(ORG_ID_NO, ADDRESS_ID) values(16,16);
Insert into ORG_PHONE(ORG_ID_NO, PHONE_ID) values(16,16);
Insert into TST_CNTR(TST_CNTR_ID_NO, RSTRCT_ACS_FLG, TM_ZN_STD_CDE, TST_CNTR_TYP_CDE) values(16, 'N', 'EST', 'ST');
Insert into TST_CNTR_DLVY_MDE(TST_CNTR_ID_NO, DLVY_MDE_CDE) values(16, 'PBT');
Insert into TST_CNTR_DLVY_MDE(TST_CNTR_ID_NO, DLVY_MDE_CDE) values(16, 'CBT');
Insert into TST_CNTR_PGM(TST_CNTR_ID_NO, PGM_CDE, AGNCY_ID_NO) values(16, 'HSE', 46);

Insert into BLC_ADDRESS (ADDRESS_ID,ADDRESS_LINE1,CITY,STATE_PROV_REGION,COUNTRY,POSTAL_CODE,IS_ACTIVE,IS_BUSINESS,IS_DEFAULT) values (17, '1438 Ogden Ave', 'Bronx','NY','US','10452',1,1,1);
Insert into ETS_ADR (ADDRESS_ID, ADR_PRPS_CDE, LTD_DEG, LNGTD_DEG) values(17, 'HOME',40.8432656,-73.9237249);
Insert into BLC_PHONE (PHONE_ID,IS_ACTIVE,IS_DEFAULT,PHONE_NUMBER) values (17,1,1,'6463939533');
Insert into ETS_PHONE(TEL_EXTNSN_NO,PHONE_ID,CNTRY_CDE,PHONE_TYP_CDE) values(null,'17','US','L');
Insert into ORG(ORG_ID_NO, ORG_RLE_TYP_CDE, ORG_NAM, ACTV_FLG) values(17, 'ORLE1', 'Highbridge Community Life Center', 'Y');
Insert into ORG_ADR(ORG_ID_NO, ADDRESS_ID) values(17,17);
Insert into ORG_PHONE(ORG_ID_NO, PHONE_ID) values(17,17);
Insert into TST_CNTR(TST_CNTR_ID_NO, RSTRCT_ACS_FLG, TM_ZN_STD_CDE, TST_CNTR_TYP_CDE) values(17, 'N', 'EST', 'ST');
Insert into TST_CNTR_DLVY_MDE(TST_CNTR_ID_NO, DLVY_MDE_CDE) values(17, 'PBT');
Insert into TST_CNTR_DLVY_MDE(TST_CNTR_ID_NO, DLVY_MDE_CDE) values(17, 'CBT');
Insert into TST_CNTR_PGM(TST_CNTR_ID_NO, PGM_CDE, AGNCY_ID_NO) values(17, 'HSE', 46);

Insert into BLC_ADDRESS (ADDRESS_ID,ADDRESS_LINE1,CITY,STATE_PROV_REGION,COUNTRY,POSTAL_CODE,IS_ACTIVE,IS_BUSINESS,IS_DEFAULT) values (18, '80 East 181 Street', 'Bronx','NY','US','10453',1,1,1);
Insert into ETS_ADR (ADDRESS_ID, ADR_PRPS_CDE, LTD_DEG, LNGTD_DEG) values(18, 'HOME',40.8550490,-73.9043182);
Insert into BLC_PHONE (PHONE_ID,IS_ACTIVE,IS_DEFAULT,PHONE_NUMBER) values (18,1,1,'7183650910');
Insert into ETS_PHONE(TEL_EXTNSN_NO,PHONE_ID,CNTRY_CDE,PHONE_TYP_CDE) values(null,'18','US','L');
Insert into ORG(ORG_ID_NO, ORG_RLE_TYP_CDE, ORG_NAM, ACTV_FLG) values(18, 'ORLE1', 'Bronx Works-Morris Senior Center', 'Y');
Insert into ORG_ADR(ORG_ID_NO, ADDRESS_ID) values(18,18);
Insert into ORG_PHONE(ORG_ID_NO, PHONE_ID) values(18,18);
Insert into TST_CNTR(TST_CNTR_ID_NO, RSTRCT_ACS_FLG, TM_ZN_STD_CDE, TST_CNTR_TYP_CDE) values(18, 'N', 'EST', 'ST');
Insert into TST_CNTR_DLVY_MDE(TST_CNTR_ID_NO, DLVY_MDE_CDE) values(18, 'PBT');
Insert into TST_CNTR_DLVY_MDE(TST_CNTR_ID_NO, DLVY_MDE_CDE) values(18, 'CBT');
Insert into TST_CNTR_PGM(TST_CNTR_ID_NO, PGM_CDE, AGNCY_ID_NO) values(18, 'HSE', 46);

Insert into BLC_ADDRESS (ADDRESS_ID,ADDRESS_LINE1,CITY,STATE_PROV_REGION,COUNTRY,POSTAL_CODE,ZIP_FOUR,IS_ACTIVE,IS_BUSINESS,IS_DEFAULT) values (19, '250 Bedford Park Blvd. West', 'Bronx','NY','US','10468','1589',1,1,1);
Insert into ETS_ADR (ADDRESS_ID, ADR_PRPS_CDE, LTD_DEG, LNGTD_DEG) values(19, 'HOME',40.8734419,-73.8893612);
Insert into BLC_PHONE (PHONE_ID,IS_ACTIVE,IS_DEFAULT,PHONE_NUMBER) values (19,1,1,'7189608924');
Insert into ETS_PHONE(TEL_EXTNSN_NO,PHONE_ID,CNTRY_CDE,PHONE_TYP_CDE) values(null,'19','US','L');
Insert into ORG(ORG_ID_NO, ORG_RLE_TYP_CDE, ORG_NAM, ACTV_FLG) values(19, 'ORLE1', 'Lehman College', 'Y');
Insert into ORG_ADR(ORG_ID_NO, ADDRESS_ID) values(19,19);
Insert into ORG_PHONE(ORG_ID_NO, PHONE_ID) values(19,19);
Insert into TST_CNTR(TST_CNTR_ID_NO, RSTRCT_ACS_FLG, TM_ZN_STD_CDE, TST_CNTR_TYP_CDE) values(19, 'N', 'EST', 'ST');
Insert into TST_CNTR_DLVY_MDE(TST_CNTR_ID_NO, DLVY_MDE_CDE) values(19, 'PBT');
Insert into TST_CNTR_DLVY_MDE(TST_CNTR_ID_NO, DLVY_MDE_CDE) values(19, 'CBT');
Insert into TST_CNTR_PGM(TST_CNTR_ID_NO, PGM_CDE, AGNCY_ID_NO) values(19, 'HSE', 46);

Insert into BLC_ADDRESS (ADDRESS_ID,ADDRESS_LINE1,CITY,STATE_PROV_REGION,COUNTRY,POSTAL_CODE,IS_ACTIVE,IS_BUSINESS,IS_DEFAULT) values (20, '2001 Oriental Blvd.', 'Brooklyn','NY','US','11235',1,1,1);
Insert into ETS_ADR (ADDRESS_ID, ADR_PRPS_CDE, LTD_DEG, LNGTD_DEG) values(20, 'HOME',40.5783490,-73.9344650);
Insert into BLC_PHONE (PHONE_ID,IS_ACTIVE,IS_DEFAULT,PHONE_NUMBER) values (20,1,1,'7183685051');
Insert into ETS_PHONE(TEL_EXTNSN_NO,PHONE_ID,CNTRY_CDE,PHONE_TYP_CDE) values(null,'20','US','L');
Insert into ORG(ORG_ID_NO, ORG_RLE_TYP_CDE, ORG_NAM, ACTV_FLG) values(20, 'ORLE1', 'Kingsborough Community College', 'Y');
Insert into ORG_ADR(ORG_ID_NO, ADDRESS_ID) values(20,20);
Insert into ORG_PHONE(ORG_ID_NO, PHONE_ID) values(20,20);
Insert into TST_CNTR(TST_CNTR_ID_NO, RSTRCT_ACS_FLG, TM_ZN_STD_CDE, TST_CNTR_TYP_CDE) values(20, 'N', 'EST', 'ST');
Insert into TST_CNTR_DLVY_MDE(TST_CNTR_ID_NO, DLVY_MDE_CDE) values(20, 'PBT');
Insert into TST_CNTR_DLVY_MDE(TST_CNTR_ID_NO, DLVY_MDE_CDE) values(20, 'CBT');
Insert into TST_CNTR_PGM(TST_CNTR_ID_NO, PGM_CDE, AGNCY_ID_NO) values(20, 'HSE', 46);

Insert into BLC_ADDRESS (ADDRESS_ID,ADDRESS_LINE1,CITY,STATE_PROV_REGION,COUNTRY,POSTAL_CODE,IS_ACTIVE,IS_BUSINESS,IS_DEFAULT) values (21, '3512 Dekalb Avenue', 'Bronx','NY','US','10467',1,1,1);
Insert into ETS_ADR (ADDRESS_ID, ADR_PRPS_CDE, LTD_DEG, LNGTD_DEG) values(21, 'HOME',40.8825921,-73.8800353);
Insert into BLC_PHONE (PHONE_ID,IS_ACTIVE,IS_DEFAULT,PHONE_NUMBER) values (21,1,1,'7186520282');
Insert into ETS_PHONE(TEL_EXTNSN_NO,PHONE_ID,CNTRY_CDE,PHONE_TYP_CDE) values(null,'21','US','L');
Insert into ORG(ORG_ID_NO, ORG_RLE_TYP_CDE, ORG_NAM, ACTV_FLG) values(21, 'ORLE1', 'North Side Annex', 'Y');
Insert into ORG_ADR(ORG_ID_NO, ADDRESS_ID) values(21,21);
Insert into ORG_PHONE(ORG_ID_NO, PHONE_ID) values(21,21);
Insert into TST_CNTR(TST_CNTR_ID_NO, RSTRCT_ACS_FLG, TM_ZN_STD_CDE, TST_CNTR_TYP_CDE) values(21, 'N', 'EST', 'ST');
Insert into TST_CNTR_DLVY_MDE(TST_CNTR_ID_NO, DLVY_MDE_CDE) values(21, 'PBT');
Insert into TST_CNTR_DLVY_MDE(TST_CNTR_ID_NO, DLVY_MDE_CDE) values(21, 'CBT');
Insert into TST_CNTR_PGM(TST_CNTR_ID_NO, PGM_CDE, AGNCY_ID_NO) values(21, 'HSE', 46);

Insert into BLC_ADDRESS (ADDRESS_ID,ADDRESS_LINE1,CITY,STATE_PROV_REGION,COUNTRY,POSTAL_CODE,IS_ACTIVE,IS_BUSINESS,IS_DEFAULT) values (22, '3051 Brighton 14th Street', 'Brooklyn','NY','US','11235',1,1,1);
Insert into ETS_ADR (ADDRESS_ID, ADR_PRPS_CDE, LTD_DEG, LNGTD_DEG) values(22, 'HOME',40.5784970,-73.9552210);
Insert into BLC_PHONE (PHONE_ID,IS_ACTIVE,IS_DEFAULT,PHONE_NUMBER) values (22,1,1,'7188913675');
Insert into ETS_PHONE(TEL_EXTNSN_NO,PHONE_ID,CNTRY_CDE,PHONE_TYP_CDE) values(null,'22','US','L');
Insert into ORG(ORG_ID_NO, ORG_RLE_TYP_CDE, ORG_NAM, ACTV_FLG) values(22, 'ORLE1', 'Brooklyn High School of the Arts', 'Y');
Insert into ORG_ADR(ORG_ID_NO, ADDRESS_ID) values(22,22);
Insert into ORG_PHONE(ORG_ID_NO, PHONE_ID) values(22,22);
Insert into TST_CNTR(TST_CNTR_ID_NO, RSTRCT_ACS_FLG, TM_ZN_STD_CDE, TST_CNTR_TYP_CDE) values(22, 'N', 'EST', 'ST');
Insert into TST_CNTR_DLVY_MDE(TST_CNTR_ID_NO, DLVY_MDE_CDE) values(22, 'PBT');
Insert into TST_CNTR_DLVY_MDE(TST_CNTR_ID_NO, DLVY_MDE_CDE) values(22, 'CBT');
Insert into TST_CNTR_PGM(TST_CNTR_ID_NO, PGM_CDE, AGNCY_ID_NO) values(22, 'HSE', 46);

Insert into BLC_ADDRESS (ADDRESS_ID,ADDRESS_LINE1,CITY,STATE_PROV_REGION,COUNTRY,POSTAL_CODE,IS_ACTIVE,IS_BUSINESS,IS_DEFAULT) values (23, '1220 East 229 Street', 'Bronx','NY','US','10466',1,1,1);
Insert into ETS_ADR (ADDRESS_ID, ADR_PRPS_CDE, LTD_DEG, LNGTD_DEG) values(23, 'HOME',40.8845304,-73.8430611);
Insert into BLC_PHONE (PHONE_ID,IS_ACTIVE,IS_DEFAULT,PHONE_NUMBER) values (23,1,1,'7183259484');
Insert into ETS_PHONE(TEL_EXTNSN_NO,PHONE_ID,CNTRY_CDE,PHONE_TYP_CDE) values(null,'23','US','L');
Insert into ORG(ORG_ID_NO, ORG_RLE_TYP_CDE, ORG_NAM, ACTV_FLG) values(23, 'ORLE1', 'Baychester Youth Council', 'Y');
Insert into ORG_ADR(ORG_ID_NO, ADDRESS_ID) values(23,23);
Insert into ORG_PHONE(ORG_ID_NO, PHONE_ID) values(23,23);
Insert into TST_CNTR(TST_CNTR_ID_NO, RSTRCT_ACS_FLG, TM_ZN_STD_CDE, TST_CNTR_TYP_CDE) values(23, 'N', 'EST', 'ST');
Insert into TST_CNTR_DLVY_MDE(TST_CNTR_ID_NO, DLVY_MDE_CDE) values(23, 'PBT');
Insert into TST_CNTR_DLVY_MDE(TST_CNTR_ID_NO, DLVY_MDE_CDE) values(23, 'CBT');
Insert into TST_CNTR_PGM(TST_CNTR_ID_NO, PGM_CDE, AGNCY_ID_NO) values(23, 'HSE', 46);

Insert into BLC_ADDRESS (ADDRESS_ID,ADDRESS_LINE1,CITY,STATE_PROV_REGION,COUNTRY,POSTAL_CODE,IS_ACTIVE,IS_BUSINESS,IS_DEFAULT) values (24, '463 Hawthorne Avenue', 'Yonkers','NY','US','10705',1,1,1);
Insert into ETS_ADR (ADDRESS_ID, ADR_PRPS_CDE, LTD_DEG, LNGTD_DEG) values(24, 'HOME',40.9166723,-73.9051593);
Insert into BLC_PHONE (PHONE_ID,IS_ACTIVE,IS_DEFAULT,PHONE_NUMBER) values (24,1,1,'9143758950');
Insert into ETS_PHONE(TEL_EXTNSN_NO,PHONE_ID,CNTRY_CDE,PHONE_TYP_CDE) values(null,'24','US','L');
Insert into ORG(ORG_ID_NO, ORG_RLE_TYP_CDE, ORG_NAM, ACTV_FLG) values(24, 'ORLE1', 'Biondi Education Center', 'Y');
Insert into ORG_ADR(ORG_ID_NO, ADDRESS_ID) values(24,24);
Insert into ORG_PHONE(ORG_ID_NO, PHONE_ID) values(24,24);
Insert into TST_CNTR(TST_CNTR_ID_NO, RSTRCT_ACS_FLG, TM_ZN_STD_CDE, TST_CNTR_TYP_CDE) values(24, 'N', 'EST', 'ST');
Insert into TST_CNTR_DLVY_MDE(TST_CNTR_ID_NO, DLVY_MDE_CDE) values(24, 'PBT');
Insert into TST_CNTR_DLVY_MDE(TST_CNTR_ID_NO, DLVY_MDE_CDE) values(24, 'CBT');
Insert into TST_CNTR_PGM(TST_CNTR_ID_NO, PGM_CDE, AGNCY_ID_NO) values(24, 'HSE', 46);

Insert into BLC_ADDRESS (ADDRESS_ID,ADDRESS_LINE1,CITY,STATE_PROV_REGION,COUNTRY,POSTAL_CODE,ZIP_FOUR,IS_ACTIVE,IS_BUSINESS,IS_DEFAULT) values (25, '1 Education Drive', 'Garden City','NY','US','11530','6793',1,1,1);
Insert into ETS_ADR (ADDRESS_ID, ADR_PRPS_CDE, LTD_DEG, LNGTD_DEG) values(25, 'HOME',40.7309012,-73.5906959);
Insert into BLC_PHONE (PHONE_ID,IS_ACTIVE,IS_DEFAULT,PHONE_NUMBER) values (25,1,1,'5165727667');
Insert into ETS_PHONE(TEL_EXTNSN_NO,PHONE_ID,CNTRY_CDE,PHONE_TYP_CDE) values(null,'25','US','L');
Insert into ORG(ORG_ID_NO, ORG_RLE_TYP_CDE, ORG_NAM, ACTV_FLG) values(25, 'ORLE1', 'Nassau Community College', 'Y');
Insert into ORG_ADR(ORG_ID_NO, ADDRESS_ID) values(25,25);
Insert into ORG_PHONE(ORG_ID_NO, PHONE_ID) values(25,25);
Insert into TST_CNTR(TST_CNTR_ID_NO, RSTRCT_ACS_FLG, TM_ZN_STD_CDE, TST_CNTR_TYP_CDE) values(25, 'N', 'EST', 'ST');
Insert into TST_CNTR_DLVY_MDE(TST_CNTR_ID_NO, DLVY_MDE_CDE) values(25, 'PBT');
Insert into TST_CNTR_DLVY_MDE(TST_CNTR_ID_NO, DLVY_MDE_CDE) values(25, 'CBT');
Insert into TST_CNTR_PGM(TST_CNTR_ID_NO, PGM_CDE, AGNCY_ID_NO) values(25, 'HSE', 46);

Insert into BLC_ADDRESS (ADDRESS_ID,ADDRESS_LINE1,CITY,STATE_PROV_REGION,COUNTRY,POSTAL_CODE,IS_ACTIVE,IS_BUSINESS,IS_DEFAULT) values (26, '26 South Broadway', 'Yonkers','NY','US','10701',1,1,1);
Insert into ETS_ADR (ADDRESS_ID, ADR_PRPS_CDE, LTD_DEG, LNGTD_DEG) values(26, 'HOME',40.9330529,-73.8987393);
Insert into BLC_PHONE (PHONE_ID,IS_ACTIVE,IS_DEFAULT,PHONE_NUMBER) values (26,1,1,'9146067664');
Insert into ETS_PHONE(TEL_EXTNSN_NO,PHONE_ID,CNTRY_CDE,PHONE_TYP_CDE) values(null,'26','US','L');
Insert into ORG(ORG_ID_NO, ORG_RLE_TYP_CDE, ORG_NAM, ACTV_FLG) values(26, 'ORLE1', 'Educ Opportunity Center of Westchester', 'Y');
Insert into ORG_ADR(ORG_ID_NO, ADDRESS_ID) values(26,26);
Insert into ORG_PHONE(ORG_ID_NO, PHONE_ID) values(26,26);
Insert into TST_CNTR(TST_CNTR_ID_NO, RSTRCT_ACS_FLG, TM_ZN_STD_CDE, TST_CNTR_TYP_CDE) values(26, 'N', 'EST', 'ST');
Insert into TST_CNTR_DLVY_MDE(TST_CNTR_ID_NO, DLVY_MDE_CDE) values(26, 'PBT');
Insert into TST_CNTR_DLVY_MDE(TST_CNTR_ID_NO, DLVY_MDE_CDE) values(26, 'CBT');
Insert into TST_CNTR_PGM(TST_CNTR_ID_NO, PGM_CDE, AGNCY_ID_NO) values(26, 'HSE', 46);

Insert into BLC_ADDRESS (ADDRESS_ID,ADDRESS_LINE1,CITY,STATE_PROV_REGION,COUNTRY,POSTAL_CODE,IS_ACTIVE,IS_BUSINESS,IS_DEFAULT) values (27, '1 Larkin Center', 'Yonkers','NY','US','10701',1,1,1);
Insert into ETS_ADR (ADDRESS_ID, ADR_PRPS_CDE, LTD_DEG, LNGTD_DEG) values(27, 'HOME',40.9413523,-73.8713099);
Insert into BLC_PHONE (PHONE_ID,IS_ACTIVE,IS_DEFAULT,PHONE_NUMBER) values (27,1,1,'9143768600');
Insert into ETS_PHONE(TEL_EXTNSN_NO,PHONE_ID,CNTRY_CDE,PHONE_TYP_CDE) values(null,'27','US','L');
Insert into ORG(ORG_ID_NO, ORG_RLE_TYP_CDE, ORG_NAM, ACTV_FLG) values(27, 'ORLE1', 'Yonkers Public Schools', 'Y');
Insert into ORG_ADR(ORG_ID_NO, ADDRESS_ID) values(27,27);
Insert into ORG_PHONE(ORG_ID_NO, PHONE_ID) values(27,27);
Insert into TST_CNTR(TST_CNTR_ID_NO, RSTRCT_ACS_FLG, TM_ZN_STD_CDE, TST_CNTR_TYP_CDE) values(27, 'N', 'EST', 'ST');
Insert into TST_CNTR_DLVY_MDE(TST_CNTR_ID_NO, DLVY_MDE_CDE) values(27, 'PBT');
Insert into TST_CNTR_DLVY_MDE(TST_CNTR_ID_NO, DLVY_MDE_CDE) values(27, 'CBT');
Insert into TST_CNTR_PGM(TST_CNTR_ID_NO, PGM_CDE, AGNCY_ID_NO) values(27, 'HSE', 46);

Insert into BLC_ADDRESS (ADDRESS_ID,ADDRESS_LINE1,CITY,STATE_PROV_REGION,COUNTRY,POSTAL_CODE,IS_ACTIVE,IS_BUSINESS,IS_DEFAULT) values (28, '1196 Prospect Avenue', 'Westbury','NY','US','11590',1,1,1);
Insert into ETS_ADR (ADDRESS_ID, ADR_PRPS_CDE, LTD_DEG, LNGTD_DEG) values(28, 'HOME',40.7643374,-73.5526461);
Insert into BLC_PHONE (PHONE_ID,IS_ACTIVE,IS_DEFAULT,PHONE_NUMBER) values (28,1,1,'5166226904');
Insert into ETS_PHONE(TEL_EXTNSN_NO,PHONE_ID,CNTRY_CDE,PHONE_TYP_CDE) values(null,'28','US','L');
Insert into ORG(ORG_ID_NO, ORG_RLE_TYP_CDE, ORG_NAM, ACTV_FLG) values(28, 'ORLE1', 'Nassau BOCES', 'Y');
Insert into ORG_ADR(ORG_ID_NO, ADDRESS_ID) values(28,28);
Insert into ORG_PHONE(ORG_ID_NO, PHONE_ID) values(28,28);
Insert into TST_CNTR(TST_CNTR_ID_NO, RSTRCT_ACS_FLG, TM_ZN_STD_CDE, TST_CNTR_TYP_CDE) values(28, 'N', 'EST', 'ST');
Insert into TST_CNTR_DLVY_MDE(TST_CNTR_ID_NO, DLVY_MDE_CDE) values(28, 'PBT');
Insert into TST_CNTR_DLVY_MDE(TST_CNTR_ID_NO, DLVY_MDE_CDE) values(28, 'CBT');
Insert into TST_CNTR_PGM(TST_CNTR_ID_NO, PGM_CDE, AGNCY_ID_NO) values(28, 'HSE', 46);

Insert into BLC_ADDRESS (ADDRESS_ID,ADDRESS_LINE1,CITY,STATE_PROV_REGION,COUNTRY,POSTAL_CODE,IS_ACTIVE,IS_BUSINESS,IS_DEFAULT) values (29, '659 Lido Blvd', 'Lido Beach','NY','US','11561',1,1,1);
Insert into ETS_ADR (ADDRESS_ID, ADR_PRPS_CDE, LTD_DEG, LNGTD_DEG) values(29, 'HOME',40.5899109,-73.6157265);
Insert into BLC_PHONE (PHONE_ID,IS_ACTIVE,IS_DEFAULT,PHONE_NUMBER) values (29,1,1,'5168972259');
Insert into ETS_PHONE(TEL_EXTNSN_NO,PHONE_ID,CNTRY_CDE,PHONE_TYP_CDE) values(null,'29','US','L');
Insert into ORG(ORG_ID_NO, ORG_RLE_TYP_CDE, ORG_NAM, ACTV_FLG) values(29, 'ORLE1', 'LongBeach ALC NIKE Alternative School', 'Y');
Insert into ORG_ADR(ORG_ID_NO, ADDRESS_ID) values(29,29);
Insert into ORG_PHONE(ORG_ID_NO, PHONE_ID) values(29,29);
Insert into TST_CNTR(TST_CNTR_ID_NO, RSTRCT_ACS_FLG, TM_ZN_STD_CDE, TST_CNTR_TYP_CDE) values(29, 'N', 'EST', 'ST');
Insert into TST_CNTR_DLVY_MDE(TST_CNTR_ID_NO, DLVY_MDE_CDE) values(29, 'PBT');
Insert into TST_CNTR_DLVY_MDE(TST_CNTR_ID_NO, DLVY_MDE_CDE) values(29, 'CBT');
Insert into TST_CNTR_PGM(TST_CNTR_ID_NO, PGM_CDE, AGNCY_ID_NO) values(29, 'HSE', 46);

Insert into BLC_ADDRESS (ADDRESS_ID,ADDRESS_LINE1,CITY,STATE_PROV_REGION,COUNTRY,POSTAL_CODE,IS_ACTIVE,IS_BUSINESS,IS_DEFAULT) values (30, '465 New Dorp Lane', 'Staten Island','NY','US','10306',1,1,1);
Insert into ETS_ADR (ADDRESS_ID, ADR_PRPS_CDE, LTD_DEG, LNGTD_DEG) values(30, 'HOME',40.5694138,-74.1076719);
Insert into BLC_PHONE (PHONE_ID,IS_ACTIVE,IS_DEFAULT,PHONE_NUMBER) values (30,1,1,'7183182216');
Insert into ETS_PHONE(TEL_EXTNSN_NO,PHONE_ID,CNTRY_CDE,PHONE_TYP_CDE) values(null,'30','US','L');
Insert into ORG(ORG_ID_NO, ORG_RLE_TYP_CDE, ORG_NAM, ACTV_FLG) values(30, 'ORLE1', 'New Dorp-High School', 'Y');
Insert into ORG_ADR(ORG_ID_NO, ADDRESS_ID) values(30,30);
Insert into ORG_PHONE(ORG_ID_NO, PHONE_ID) values(30,30);
Insert into TST_CNTR(TST_CNTR_ID_NO, RSTRCT_ACS_FLG, TM_ZN_STD_CDE, TST_CNTR_TYP_CDE) values(30, 'N', 'EST', 'ST');
Insert into TST_CNTR_DLVY_MDE(TST_CNTR_ID_NO, DLVY_MDE_CDE) values(30, 'PBT');
Insert into TST_CNTR_DLVY_MDE(TST_CNTR_ID_NO, DLVY_MDE_CDE) values(30, 'CBT');
Insert into TST_CNTR_PGM(TST_CNTR_ID_NO, PGM_CDE, AGNCY_ID_NO) values(30, 'HSE', 46);

Insert into BLC_ADDRESS (ADDRESS_ID,ADDRESS_LINE1,CITY,STATE_PROV_REGION,COUNTRY,POSTAL_CODE,IS_ACTIVE,IS_BUSINESS,IS_DEFAULT) values (31, '2800 Victory Blvd.', 'Staten Island','NY','US','10314',1,1,1);
Insert into ETS_ADR (ADDRESS_ID, ADR_PRPS_CDE, LTD_DEG, LNGTD_DEG) values(31, 'HOME',40.6086480,-74.1535630);
Insert into BLC_PHONE (PHONE_ID,IS_ACTIVE,IS_DEFAULT,PHONE_NUMBER) values (31,1,1,'7189822188');
Insert into ETS_PHONE(TEL_EXTNSN_NO,PHONE_ID,CNTRY_CDE,PHONE_TYP_CDE) values(null,'31','US','L');
Insert into ORG(ORG_ID_NO, ORG_RLE_TYP_CDE, ORG_NAM, ACTV_FLG) values(31, 'ORLE1', 'College of Staten Island', 'Y');
Insert into ORG_ADR(ORG_ID_NO, ADDRESS_ID) values(31,31);
Insert into ORG_PHONE(ORG_ID_NO, PHONE_ID) values(31,31);
Insert into TST_CNTR(TST_CNTR_ID_NO, RSTRCT_ACS_FLG, TM_ZN_STD_CDE, TST_CNTR_TYP_CDE) values(31, 'N', 'EST', 'ST');
Insert into TST_CNTR_DLVY_MDE(TST_CNTR_ID_NO, DLVY_MDE_CDE) values(31, 'PBT');
Insert into TST_CNTR_DLVY_MDE(TST_CNTR_ID_NO, DLVY_MDE_CDE) values(31, 'CBT');
Insert into TST_CNTR_PGM(TST_CNTR_ID_NO, PGM_CDE, AGNCY_ID_NO) values(31, 'HSE', 46);

Insert into BLC_ADDRESS (ADDRESS_ID,ADDRESS_LINE1,CITY,STATE_PROV_REGION,COUNTRY,POSTAL_CODE,IS_ACTIVE,IS_BUSINESS,IS_DEFAULT) values (32, '228 Fisher Avenue', 'White Plains','NY','US','10606',1,1,1);
Insert into ETS_ADR (ADDRESS_ID, ADR_PRPS_CDE, LTD_DEG, LNGTD_DEG) values(32, 'HOME',41.0247396,-73.7787315);
Insert into BLC_PHONE (PHONE_ID,IS_ACTIVE,IS_DEFAULT,PHONE_NUMBER) values (32,1,1,'9144222333');
Insert into ETS_PHONE(TEL_EXTNSN_NO,PHONE_ID,CNTRY_CDE,PHONE_TYP_CDE) values(null,'32','US','L');
Insert into ORG(ORG_ID_NO, ORG_RLE_TYP_CDE, ORG_NAM, ACTV_FLG) values(32, 'ORLE1', 'Rochambeau School', 'Y');
Insert into ORG_ADR(ORG_ID_NO, ADDRESS_ID) values(32,32);
Insert into ORG_PHONE(ORG_ID_NO, PHONE_ID) values(32,32);
Insert into TST_CNTR(TST_CNTR_ID_NO, RSTRCT_ACS_FLG, TM_ZN_STD_CDE, TST_CNTR_TYP_CDE) values(32, 'N', 'EST', 'ST');
Insert into TST_CNTR_DLVY_MDE(TST_CNTR_ID_NO, DLVY_MDE_CDE) values(32, 'PBT');
Insert into TST_CNTR_DLVY_MDE(TST_CNTR_ID_NO, DLVY_MDE_CDE) values(32, 'CBT');
Insert into TST_CNTR_PGM(TST_CNTR_ID_NO, PGM_CDE, AGNCY_ID_NO) values(32, 'HSE', 46);

Insert into BLC_ADDRESS (ADDRESS_ID,ADDRESS_LINE1,CITY,STATE_PROV_REGION,COUNTRY,POSTAL_CODE,IS_ACTIVE,IS_BUSINESS,IS_DEFAULT) values (33, '106 Hammond Road', 'Thiells','NY','US','10984',1,1,1);
Insert into ETS_ADR (ADDRESS_ID, ADR_PRPS_CDE, LTD_DEG, LNGTD_DEG) values(33, 'HOME',41.2146070,-74.0155496);
Insert into BLC_PHONE (PHONE_ID,IS_ACTIVE,IS_DEFAULT,PHONE_NUMBER) values (33,1,1,'9149422700');
Insert into ETS_PHONE(TEL_EXTNSN_NO,PHONE_ID,CNTRY_CDE,PHONE_TYP_CDE) values(null,'33','US','L');
Insert into ORG(ORG_ID_NO, ORG_RLE_TYP_CDE, ORG_NAM, ACTV_FLG) values(33, 'ORLE1', 'North Rockland High School', 'Y');
Insert into ORG_ADR(ORG_ID_NO, ADDRESS_ID) values(33,33);
Insert into ORG_PHONE(ORG_ID_NO, PHONE_ID) values(33,33);
Insert into TST_CNTR(TST_CNTR_ID_NO, RSTRCT_ACS_FLG, TM_ZN_STD_CDE, TST_CNTR_TYP_CDE) values(33, 'N', 'EST', 'ST');
Insert into TST_CNTR_DLVY_MDE(TST_CNTR_ID_NO, DLVY_MDE_CDE) values(33, 'PBT');
Insert into TST_CNTR_DLVY_MDE(TST_CNTR_ID_NO, DLVY_MDE_CDE) values(33, 'CBT');
Insert into TST_CNTR_PGM(TST_CNTR_ID_NO, PGM_CDE, AGNCY_ID_NO) values(33, 'HSE', 46);

Insert into BLC_ADDRESS (ADDRESS_ID,ADDRESS_LINE1,CITY,STATE_PROV_REGION,COUNTRY,POSTAL_CODE,IS_ACTIVE,IS_BUSINESS,IS_DEFAULT) values (34, '200 BOCES Drive', 'Yorktown Heights','NY','US','10598',1,1,1);
Insert into ETS_ADR (ADDRESS_ID, ADR_PRPS_CDE, LTD_DEG, LNGTD_DEG) values(34, 'HOME',41.2773018,-73.7688790);
Insert into BLC_PHONE (PHONE_ID,IS_ACTIVE,IS_DEFAULT,PHONE_NUMBER) values (34,1,1,'9142482417');
Insert into ETS_PHONE(TEL_EXTNSN_NO,PHONE_ID,CNTRY_CDE,PHONE_TYP_CDE) values(null,'34','US','L');
Insert into ORG(ORG_ID_NO, ORG_RLE_TYP_CDE, ORG_NAM, ACTV_FLG) values(34, 'ORLE1', 'Putnam N. Westchester BOCES', 'Y');
Insert into ORG_ADR(ORG_ID_NO, ADDRESS_ID) values(34,34);
Insert into ORG_PHONE(ORG_ID_NO, PHONE_ID) values(34,34);
Insert into TST_CNTR(TST_CNTR_ID_NO, RSTRCT_ACS_FLG, TM_ZN_STD_CDE, TST_CNTR_TYP_CDE) values(34, 'N', 'EST', 'ST');
Insert into TST_CNTR_DLVY_MDE(TST_CNTR_ID_NO, DLVY_MDE_CDE) values(34, 'PBT');
Insert into TST_CNTR_DLVY_MDE(TST_CNTR_ID_NO, DLVY_MDE_CDE) values(34, 'CBT');
Insert into TST_CNTR_PGM(TST_CNTR_ID_NO, PGM_CDE, AGNCY_ID_NO) values(34, 'HSE', 46);

Insert into BLC_ADDRESS (ADDRESS_ID,ADDRESS_LINE1,CITY,STATE_PROV_REGION,COUNTRY,POSTAL_CODE,IS_ACTIVE,IS_BUSINESS,IS_DEFAULT) values (35, '533 College Road', 'Selden','NY','US','11784',1,1,1);
Insert into ETS_ADR (ADDRESS_ID, ADR_PRPS_CDE, LTD_DEG, LNGTD_DEG) values(35, 'HOME',40.8466383,-73.0535030);
Insert into BLC_PHONE (PHONE_ID,IS_ACTIVE,IS_DEFAULT,PHONE_NUMBER) values (35,1,1,'6314514927');
Insert into ETS_PHONE(TEL_EXTNSN_NO,PHONE_ID,CNTRY_CDE,PHONE_TYP_CDE) values(null,'35','US','L');
Insert into ORG(ORG_ID_NO, ORG_RLE_TYP_CDE, ORG_NAM, ACTV_FLG) values(35, 'ORLE1', 'Suffolk Co. Community College', 'Y');
Insert into ORG_ADR(ORG_ID_NO, ADDRESS_ID) values(35,35);
Insert into ORG_PHONE(ORG_ID_NO, PHONE_ID) values(35,35);
Insert into TST_CNTR(TST_CNTR_ID_NO, RSTRCT_ACS_FLG, TM_ZN_STD_CDE, TST_CNTR_TYP_CDE) values(35, 'N', 'EST', 'ST');
Insert into TST_CNTR_DLVY_MDE(TST_CNTR_ID_NO, DLVY_MDE_CDE) values(35, 'PBT');
Insert into TST_CNTR_DLVY_MDE(TST_CNTR_ID_NO, DLVY_MDE_CDE) values(35, 'CBT');
Insert into TST_CNTR_PGM(TST_CNTR_ID_NO, PGM_CDE, AGNCY_ID_NO) values(35, 'HSE', 46);

Insert into BLC_ADDRESS (ADDRESS_ID,ADDRESS_LINE1,CITY,STATE_PROV_REGION,COUNTRY,POSTAL_CODE,IS_ACTIVE,IS_BUSINESS,IS_DEFAULT) values (36, '350 Martha Avenue', 'Bellport','NY','US','11713',1,1,1);
Insert into ETS_ADR (ADDRESS_ID, ADR_PRPS_CDE, LTD_DEG, LNGTD_DEG) values(36, 'HOME',40.7855804,-72.9539008);
Insert into BLC_PHONE (PHONE_ID,IS_ACTIVE,IS_DEFAULT,PHONE_NUMBER) values (36,1,1,'6312866589');
Insert into ETS_PHONE(TEL_EXTNSN_NO,PHONE_ID,CNTRY_CDE,PHONE_TYP_CDE) values(null,'36','US','L');
Insert into ORG(ORG_ID_NO, ORG_RLE_TYP_CDE, ORG_NAM, ACTV_FLG) values(36, 'ORLE1', 'Eastern Suffolk BOCES', 'Y');
Insert into ORG_ADR(ORG_ID_NO, ADDRESS_ID) values(36,36);
Insert into ORG_PHONE(ORG_ID_NO, PHONE_ID) values(36,36);
Insert into TST_CNTR(TST_CNTR_ID_NO, RSTRCT_ACS_FLG, TM_ZN_STD_CDE, TST_CNTR_TYP_CDE) values(36, 'N', 'EST', 'ST');
Insert into TST_CNTR_DLVY_MDE(TST_CNTR_ID_NO, DLVY_MDE_CDE) values(36, 'PBT');
Insert into TST_CNTR_DLVY_MDE(TST_CNTR_ID_NO, DLVY_MDE_CDE) values(36, 'CBT');
Insert into TST_CNTR_PGM(TST_CNTR_ID_NO, PGM_CDE, AGNCY_ID_NO) values(36, 'HSE', 46);

Insert into BLC_ADDRESS (ADDRESS_ID,ADDRESS_LINE1,CITY,STATE_PROV_REGION,COUNTRY,POSTAL_CODE,IS_ACTIVE,IS_BUSINESS,IS_DEFAULT) values (37, '53 Gibson Road', 'Goshen','NY','US','10924',1,1,1);
Insert into ETS_ADR (ADDRESS_ID, ADR_PRPS_CDE, LTD_DEG, LNGTD_DEG) values(37, 'HOME',41.3858666,-74.3541171);
Insert into BLC_PHONE (PHONE_ID,IS_ACTIVE,IS_DEFAULT,PHONE_NUMBER) values (37,1,1,'8452910210');
Insert into ETS_PHONE(TEL_EXTNSN_NO,PHONE_ID,CNTRY_CDE,PHONE_TYP_CDE) values(null,'37','US','L');
Insert into ORG(ORG_ID_NO, ORG_RLE_TYP_CDE, ORG_NAM, ACTV_FLG) values(37, 'ORLE1', 'Orange-Ulster BOCES Special Ed. Center', 'Y');
Insert into ORG_ADR(ORG_ID_NO, ADDRESS_ID) values(37,37);
Insert into ORG_PHONE(ORG_ID_NO, PHONE_ID) values(37,37);
Insert into TST_CNTR(TST_CNTR_ID_NO, RSTRCT_ACS_FLG, TM_ZN_STD_CDE, TST_CNTR_TYP_CDE) values(37, 'N', 'EST', 'ST');
Insert into TST_CNTR_DLVY_MDE(TST_CNTR_ID_NO, DLVY_MDE_CDE) values(37, 'PBT');
Insert into TST_CNTR_DLVY_MDE(TST_CNTR_ID_NO, DLVY_MDE_CDE) values(37, 'CBT');
Insert into TST_CNTR_PGM(TST_CNTR_ID_NO, PGM_CDE, AGNCY_ID_NO) values(37, 'HSE', 46);

Insert into BLC_ADDRESS (ADDRESS_ID,ADDRESS_LINE1,CITY,STATE_PROV_REGION,COUNTRY,POSTAL_CODE,IS_ACTIVE,IS_BUSINESS,IS_DEFAULT) values (38, '49 Grand Street', 'Newburgh','NY','US','12550',1,1,1);
Insert into ETS_ADR (ADDRESS_ID, ADR_PRPS_CDE, LTD_DEG, LNGTD_DEG) values(38, 'HOME',41.5007469,-74.0101220);
Insert into BLC_PHONE (PHONE_ID,IS_ACTIVE,IS_DEFAULT,PHONE_NUMBER) values (38,1,1,'8455622378');
Insert into ETS_PHONE(TEL_EXTNSN_NO,PHONE_ID,CNTRY_CDE,PHONE_TYP_CDE) values(null,'38','US','L');
Insert into ORG(ORG_ID_NO, ORG_RLE_TYP_CDE, ORG_NAM, ACTV_FLG) values(38, 'ORLE1', 'Best Resource Center, Inc.', 'Y');
Insert into ORG_ADR(ORG_ID_NO, ADDRESS_ID) values(38,38);
Insert into ORG_PHONE(ORG_ID_NO, PHONE_ID) values(38,38);
Insert into TST_CNTR(TST_CNTR_ID_NO, RSTRCT_ACS_FLG, TM_ZN_STD_CDE, TST_CNTR_TYP_CDE) values(38, 'N', 'EST', 'ST');
Insert into TST_CNTR_DLVY_MDE(TST_CNTR_ID_NO, DLVY_MDE_CDE) values(38, 'PBT');
Insert into TST_CNTR_DLVY_MDE(TST_CNTR_ID_NO, DLVY_MDE_CDE) values(38, 'CBT');
Insert into TST_CNTR_PGM(TST_CNTR_ID_NO, PGM_CDE, AGNCY_ID_NO) values(38, 'HSE', 46);

Insert into BLC_ADDRESS (ADDRESS_ID,ADDRESS_LINE1,CITY,STATE_PROV_REGION,COUNTRY,POSTAL_CODE,ZIP_FOUR,IS_ACTIVE,IS_BUSINESS,IS_DEFAULT) values (39, 'Gardner Avenue Ext.', 'Middletown','NY','US','10940','3130',1,1,1);
Insert into ETS_ADR (ADDRESS_ID, ADR_PRPS_CDE, LTD_DEG, LNGTD_DEG) values(39, 'HOME',41.4523750,-74.4252470);
Insert into BLC_PHONE (PHONE_ID,IS_ACTIVE,IS_DEFAULT,PHONE_NUMBER) values (39,1,1,'8453261595');
Insert into ETS_PHONE(TEL_EXTNSN_NO,PHONE_ID,CNTRY_CDE,PHONE_TYP_CDE) values(null,'39','US','L');
Insert into ORG(ORG_ID_NO, ORG_RLE_TYP_CDE, ORG_NAM, ACTV_FLG) values(39, 'ORLE1', 'Middletown High School', 'Y');
Insert into ORG_ADR(ORG_ID_NO, ADDRESS_ID) values(39,39);
Insert into ORG_PHONE(ORG_ID_NO, PHONE_ID) values(39,39);
Insert into TST_CNTR(TST_CNTR_ID_NO, RSTRCT_ACS_FLG, TM_ZN_STD_CDE, TST_CNTR_TYP_CDE) values(39, 'N', 'EST', 'ST');
Insert into TST_CNTR_DLVY_MDE(TST_CNTR_ID_NO, DLVY_MDE_CDE) values(39, 'PBT');
Insert into TST_CNTR_DLVY_MDE(TST_CNTR_ID_NO, DLVY_MDE_CDE) values(39, 'CBT');
Insert into TST_CNTR_PGM(TST_CNTR_ID_NO, PGM_CDE, AGNCY_ID_NO) values(39, 'HSE', 46);

Insert into BLC_ADDRESS (ADDRESS_ID,ADDRESS_LINE1,CITY,STATE_PROV_REGION,COUNTRY,POSTAL_CODE,IS_ACTIVE,IS_BUSINESS,IS_DEFAULT) values (40, '53 Pendell Road', 'Poughkeepsie','NY','US','12601',1,1,1);
Insert into ETS_ADR (ADDRESS_ID, ADR_PRPS_CDE, LTD_DEG, LNGTD_DEG) values(40, 'HOME',41.7222172,-73.9067987);
Insert into BLC_PHONE (PHONE_ID,IS_ACTIVE,IS_DEFAULT,PHONE_NUMBER) values (40,1,1,'8454318913');
Insert into ETS_PHONE(TEL_EXTNSN_NO,PHONE_ID,CNTRY_CDE,PHONE_TYP_CDE) values(null,'40','US','L');
Insert into ORG(ORG_ID_NO, ORG_RLE_TYP_CDE, ORG_NAM, ACTV_FLG) values(40, 'ORLE1', 'Dutchess Community College', 'Y');
Insert into ORG_ADR(ORG_ID_NO, ADDRESS_ID) values(40,40);
Insert into ORG_PHONE(ORG_ID_NO, PHONE_ID) values(40,40);
Insert into TST_CNTR(TST_CNTR_ID_NO, RSTRCT_ACS_FLG, TM_ZN_STD_CDE, TST_CNTR_TYP_CDE) values(40, 'N', 'EST', 'ST');
Insert into TST_CNTR_DLVY_MDE(TST_CNTR_ID_NO, DLVY_MDE_CDE) values(40, 'PBT');
Insert into TST_CNTR_DLVY_MDE(TST_CNTR_ID_NO, DLVY_MDE_CDE) values(40, 'CBT');
Insert into TST_CNTR_PGM(TST_CNTR_ID_NO, PGM_CDE, AGNCY_ID_NO) values(40, 'HSE', 46);

Insert into BLC_ADDRESS (ADDRESS_ID,ADDRESS_LINE1,CITY,STATE_PROV_REGION,COUNTRY,POSTAL_CODE,IS_ACTIVE,IS_BUSINESS,IS_DEFAULT) values (41, '403 Broadway', 'Kingston','NY','US','12401',1,1,1);
Insert into ETS_ADR (ADDRESS_ID, ADR_PRPS_CDE, LTD_DEG, LNGTD_DEG) values(41, 'HOME',41.9243270,-73.9977710);
Insert into BLC_PHONE (PHONE_ID,IS_ACTIVE,IS_DEFAULT,PHONE_NUMBER) values (41,1,1,'8459433012');
Insert into ETS_PHONE(TEL_EXTNSN_NO,PHONE_ID,CNTRY_CDE,PHONE_TYP_CDE) values(null,'41','US','L');
Insert into ORG(ORG_ID_NO, ORG_RLE_TYP_CDE, ORG_NAM, ACTV_FLG) values(41, 'ORLE1', 'Kingston High School', 'Y');
Insert into ORG_ADR(ORG_ID_NO, ADDRESS_ID) values(41,41);
Insert into ORG_PHONE(ORG_ID_NO, PHONE_ID) values(41,41);
Insert into TST_CNTR(TST_CNTR_ID_NO, RSTRCT_ACS_FLG, TM_ZN_STD_CDE, TST_CNTR_TYP_CDE) values(41, 'N', 'EST', 'ST');
Insert into TST_CNTR_DLVY_MDE(TST_CNTR_ID_NO, DLVY_MDE_CDE) values(41, 'PBT');
Insert into TST_CNTR_DLVY_MDE(TST_CNTR_ID_NO, DLVY_MDE_CDE) values(41, 'CBT');
Insert into TST_CNTR_PGM(TST_CNTR_ID_NO, PGM_CDE, AGNCY_ID_NO) values(41, 'HSE', 46);

Insert into BLC_ADDRESS (ADDRESS_ID,ADDRESS_LINE1,CITY,STATE_PROV_REGION,COUNTRY,POSTAL_CODE,IS_ACTIVE,IS_BUSINESS,IS_DEFAULT) values (42, '6 Wierk Ave', 'Liberty','NY','US','12754',1,1,1);
Insert into ETS_ADR (ADDRESS_ID, ADR_PRPS_CDE, LTD_DEG, LNGTD_DEG) values(42, 'HOME',41.7957626,-74.7471296);
Insert into BLC_PHONE (PHONE_ID,IS_ACTIVE,IS_DEFAULT,PHONE_NUMBER) values (42,1,1,'8457914070');
Insert into ETS_PHONE(TEL_EXTNSN_NO,PHONE_ID,CNTRY_CDE,PHONE_TYP_CDE) values(null,'42','US','L');
Insert into ORG(ORG_ID_NO, ORG_RLE_TYP_CDE, ORG_NAM, ACTV_FLG) values(42, 'ORLE1', 'Sullivan County BOCES', 'Y');
Insert into ORG_ADR(ORG_ID_NO, ADDRESS_ID) values(42,42);
Insert into ORG_PHONE(ORG_ID_NO, PHONE_ID) values(42,42);
Insert into TST_CNTR(TST_CNTR_ID_NO, RSTRCT_ACS_FLG, TM_ZN_STD_CDE, TST_CNTR_TYP_CDE) values(42, 'N', 'EST', 'ST');
Insert into TST_CNTR_DLVY_MDE(TST_CNTR_ID_NO, DLVY_MDE_CDE) values(42, 'PBT');
Insert into TST_CNTR_DLVY_MDE(TST_CNTR_ID_NO, DLVY_MDE_CDE) values(42, 'CBT');
Insert into TST_CNTR_PGM(TST_CNTR_ID_NO, PGM_CDE, AGNCY_ID_NO) values(42, 'HSE', 46);

Insert into BLC_ADDRESS (ADDRESS_ID,ADDRESS_LINE1,CITY,STATE_PROV_REGION,COUNTRY,POSTAL_CODE,IS_ACTIVE,IS_BUSINESS,IS_DEFAULT) values (43, 'One University Plaza', 'Cape Giradeau','MO','US','63701',1,1,1);
Insert into ETS_ADR (ADDRESS_ID, ADR_PRPS_CDE, LTD_DEG, LNGTD_DEG) values(43, 'HOME',37.3124743,-89.5309567);
Insert into BLC_PHONE (PHONE_ID,IS_ACTIVE,IS_DEFAULT,PHONE_NUMBER) values (43,1,1,'5739866032');
Insert into ETS_PHONE(TEL_EXTNSN_NO,PHONE_ID,CNTRY_CDE,PHONE_TYP_CDE) values(null,'43','US','L');
Insert into ORG(ORG_ID_NO, ORG_RLE_TYP_CDE, ORG_NAM, ACTV_FLG) values(43, 'ORLE1', 'Southeast Missouri State University', 'Y');
Insert into ORG_ADR(ORG_ID_NO, ADDRESS_ID) values(43,43);
Insert into ORG_PHONE(ORG_ID_NO, PHONE_ID) values(43,43);
Insert into TST_CNTR(TST_CNTR_ID_NO, RSTRCT_ACS_FLG, TM_ZN_STD_CDE, TST_CNTR_TYP_CDE) values(43, 'N', 'CST', 'ST');
Insert into TST_CNTR_DLVY_MDE(TST_CNTR_ID_NO, DLVY_MDE_CDE) values(43, 'CBT');
Insert into TST_CNTR_DLVY_MDE(TST_CNTR_ID_NO, DLVY_MDE_CDE) values(43, 'PBT');
Insert into TST_CNTR_PGM(TST_CNTR_ID_NO, PGM_CDE, AGNCY_ID_NO) values(43, 'HSE', 47);

Insert into BLC_ADDRESS (ADDRESS_ID,ADDRESS_LINE1,CITY,STATE_PROV_REGION,COUNTRY,POSTAL_CODE,IS_ACTIVE,IS_BUSINESS,IS_DEFAULT) values (44, '5270 Flat River Rd', 'Park Hills','MO','US','63601',1,1,1);
Insert into ETS_ADR (ADDRESS_ID, ADR_PRPS_CDE, LTD_DEG, LNGTD_DEG) values(44, 'HOME',37.8392337,-90.4832083);
Insert into BLC_PHONE (PHONE_ID,IS_ACTIVE,IS_DEFAULT,PHONE_NUMBER) values (44,1,1,'5734314593');
Insert into ETS_PHONE(TEL_EXTNSN_NO,PHONE_ID,CNTRY_CDE,PHONE_TYP_CDE) values(null,'44','US','L');
Insert into ORG(ORG_ID_NO, ORG_RLE_TYP_CDE, ORG_NAM, ACTV_FLG) values(44, 'ORLE1', 'Mineral Area College', 'Y');
Insert into ORG_ADR(ORG_ID_NO, ADDRESS_ID) values(44,44);
Insert into ORG_PHONE(ORG_ID_NO, PHONE_ID) values(44,44);
Insert into TST_CNTR(TST_CNTR_ID_NO, RSTRCT_ACS_FLG, TM_ZN_STD_CDE,EXTRNL_TST_CNTR_ID, TST_CNTR_TYP_CDE) values(44, 'N', 'CST','STN15075B', 'ST');
Insert into TST_CNTR_DLVY_MDE(TST_CNTR_ID_NO, DLVY_MDE_CDE) values(44, 'PBT');
Insert into TST_CNTR_PGM(TST_CNTR_ID_NO, PGM_CDE, AGNCY_ID_NO) values(44, 'HSE', 47);

Insert into BLC_ADDRESS (ADDRESS_ID,ADDRESS_LINE1,CITY,STATE_PROV_REGION,COUNTRY,POSTAL_CODE,IS_ACTIVE,IS_BUSINESS,IS_DEFAULT) values (45, '2080 Three Rivers Boulevard', 'Poplar Bluff','MO','US','63901',1,1,1);
Insert into ETS_ADR (ADDRESS_ID, ADR_PRPS_CDE, LTD_DEG, LNGTD_DEG) values(45, 'HOME',36.7753099,-90.4302793);
Insert into BLC_PHONE (PHONE_ID,IS_ACTIVE,IS_DEFAULT,PHONE_NUMBER) values (45,1,1,'5738409667');
Insert into ETS_PHONE(TEL_EXTNSN_NO,PHONE_ID,CNTRY_CDE,PHONE_TYP_CDE) values(null,'45','US','L');
Insert into ORG(ORG_ID_NO, ORG_RLE_TYP_CDE, ORG_NAM, ACTV_FLG) values(45, 'ORLE1', 'Three Rivers College', 'Y');
Insert into ORG_ADR(ORG_ID_NO, ADDRESS_ID) values(45,45);
Insert into ORG_PHONE(ORG_ID_NO, PHONE_ID) values(45,45);
Insert into TST_CNTR(TST_CNTR_ID_NO, RSTRCT_ACS_FLG, TM_ZN_STD_CDE, TST_CNTR_TYP_CDE) values(45, 'N', 'CST', 'ST');
Insert into TST_CNTR_DLVY_MDE(TST_CNTR_ID_NO, DLVY_MDE_CDE) values(45, 'PBT');
Insert into TST_CNTR_PGM(TST_CNTR_ID_NO, PGM_CDE, AGNCY_ID_NO) values(45, 'HSE', 47);

INSERT INTO BLC_ADDRESS (ADDRESS_ID, ADDRESS_LINE1, CITY, STATE_PROV_REGION, COUNTRY, POSTAL_CODE, IS_ACTIVE, IS_BUSINESS, IS_DEFAULT) VALUES (48, '415 North 30th', 'Billings', 'MT', 'US', '59101', 1, 1, 1);
INSERT INTO ETS_ADR (ADDRESS_ID, ADR_PRPS_CDE, LTD_DEG, LNGTD_DEG) VALUES (48, 'HOME', 45.785452, -108.511727);
INSERT INTO BLC_PHONE (PHONE_ID, IS_ACTIVE, IS_DEFAULT, PHONE_NUMBER) VALUES (48, 1, 1, '4062815007');
INSERT INTO ETS_PHONE (TEL_EXTNSN_NO, PHONE_ID, CNTRY_CDE, PHONE_TYP_CDE) VALUES (NULL, '48', 'US', 'L');
INSERT INTO ORG (ORG_ID_NO, ORG_RLE_TYP_CDE, ORG_NAM, ACTV_FLG) VALUES (48, 'ORLE1', 'Adult Learning Center', 'Y');
INSERT INTO ORG_ADR (ORG_ID_NO, ADDRESS_ID) VALUES (48, 48);
INSERT INTO ORG_PHONE (ORG_ID_NO, PHONE_ID) VALUES (48, 48);
INSERT INTO TST_CNTR (TST_CNTR_ID_NO, RSTRCT_ACS_FLG, TM_ZN_STD_CDE,EXTRNL_TST_CNTR_ID, TST_CNTR_TYP_CDE) VALUES (48, 'N', 'MST','STN15076A', 'ST');
INSERT INTO TST_CNTR_DLVY_MDE (TST_CNTR_ID_NO, DLVY_MDE_CDE) VALUES (48, 'PBT');
INSERT INTO TST_CNTR_PGM (TST_CNTR_ID_NO, PGM_CDE, AGNCY_ID_NO) VALUES (48, 'HSE', 10001);

INSERT INTO BLC_ADDRESS (ADDRESS_ID, ADDRESS_LINE1, CITY, STATE_PROV_REGION, COUNTRY, POSTAL_CODE, IS_ACTIVE, IS_BUSINESS, IS_DEFAULT) VALUES (49, '585 W John Deere Rd', 'Hardin', 'MT', 'US', '59034', 1, 1, 1);
INSERT INTO ETS_ADR (ADDRESS_ID, ADR_PRPS_CDE, LTD_DEG, LNGTD_DEG) VALUES (49, 'HOME', 45.745950, -107.622457);
INSERT INTO BLC_PHONE (PHONE_ID, IS_ACTIVE, IS_DEFAULT, PHONE_NUMBER) VALUES (49, 1, 1, '4066659300');
INSERT INTO ETS_PHONE (TEL_EXTNSN_NO, PHONE_ID, CNTRY_CDE, PHONE_TYP_CDE) VALUES (NULL, '49', 'US', 'L');
INSERT INTO ORG (ORG_ID_NO, ORG_RLE_TYP_CDE, ORG_NAM, ACTV_FLG) VALUES (49, 'ORLE1', 'Adult Education Office', 'Y');
INSERT INTO ORG_ADR (ORG_ID_NO, ADDRESS_ID) VALUES (49, 49);
INSERT INTO ORG_PHONE (ORG_ID_NO, PHONE_ID) VALUES (49, 49);
INSERT INTO TST_CNTR (TST_CNTR_ID_NO, RSTRCT_ACS_FLG, TM_ZN_STD_CDE,EXTRNL_TST_CNTR_ID, TST_CNTR_TYP_CDE) VALUES (49, 'N', 'MST','STN15077A', 'ST');
INSERT INTO TST_CNTR_DLVY_MDE (TST_CNTR_ID_NO, DLVY_MDE_CDE) VALUES (49, 'CBT');
INSERT INTO TST_CNTR_PGM (TST_CNTR_ID_NO, PGM_CDE, AGNCY_ID_NO) VALUES (49, 'HSE', 10001);

INSERT INTO BLC_ADDRESS (ADDRESS_ID, ADDRESS_LINE1, CITY, STATE_PROV_REGION, COUNTRY, POSTAL_CODE, IS_ACTIVE, IS_BUSINESS, IS_DEFAULT) VALUES (50, '1 College Drive', 'Lame Deer', 'MT', 'US', '59043', 1, 1, 1);
INSERT INTO ETS_ADR (ADDRESS_ID, ADR_PRPS_CDE, LTD_DEG, LNGTD_DEG) VALUES (50, 'HOME', 45.622832, -106.666925);
INSERT INTO BLC_PHONE (PHONE_ID, IS_ACTIVE, IS_DEFAULT, PHONE_NUMBER) VALUES (50, 1, 1, ' 4064776215');
INSERT INTO ETS_PHONE (TEL_EXTNSN_NO, PHONE_ID, CNTRY_CDE, PHONE_TYP_CDE) VALUES (NULL, '50', 'US', 'L');
INSERT INTO ORG (ORG_ID_NO, ORG_RLE_TYP_CDE, ORG_NAM, ACTV_FLG) VALUES (50, 'ORLE1', 'Dull Knife Memorial College', 'Y');
INSERT INTO ORG_ADR (ORG_ID_NO, ADDRESS_ID) VALUES (50, 50);
INSERT INTO ORG_PHONE (ORG_ID_NO, PHONE_ID) VALUES (50, 50);
INSERT INTO TST_CNTR (TST_CNTR_ID_NO, RSTRCT_ACS_FLG, TM_ZN_STD_CDE, TST_CNTR_TYP_CDE) VALUES (50, 'N', 'MST', 'ST');
INSERT INTO TST_CNTR_DLVY_MDE (TST_CNTR_ID_NO, DLVY_MDE_CDE) VALUES (50, 'PBT');
INSERT INTO TST_CNTR_PGM (TST_CNTR_ID_NO, PGM_CDE, AGNCY_ID_NO) VALUES (50, 'HSE', 10001);

INSERT INTO BLC_ADDRESS (ADDRESS_ID, ADDRESS_LINE1, CITY, STATE_PROV_REGION, COUNTRY, POSTAL_CODE, IS_ACTIVE, IS_BUSINESS, IS_DEFAULT) VALUES (51, '17 Knight St', 'Concord', 'NH', 'US', '03301', 1, 1, 1);
INSERT INTO ETS_ADR (ADDRESS_ID, ADR_PRPS_CDE, LTD_DEG, LNGTD_DEG) VALUES (51, 'HOME', 43.243718, -71.573911);
INSERT INTO BLC_PHONE (PHONE_ID, IS_ACTIVE, IS_DEFAULT, PHONE_NUMBER) VALUES (51, 1, 1, '6032281341');
INSERT INTO ETS_PHONE (TEL_EXTNSN_NO, PHONE_ID, CNTRY_CDE, PHONE_TYP_CDE) VALUES (NULL, '51', 'US', 'L');
INSERT INTO ORG (ORG_ID_NO, ORG_RLE_TYP_CDE, ORG_NAM, ACTV_FLG) VALUES (51, 'ORLE1', 'Second Start', 'Y');
INSERT INTO ORG_ADR (ORG_ID_NO, ADDRESS_ID) VALUES (51, 51);
INSERT INTO ORG_PHONE (ORG_ID_NO, PHONE_ID) VALUES (51, 51);
INSERT INTO TST_CNTR (TST_CNTR_ID_NO, RSTRCT_ACS_FLG, TM_ZN_STD_CDE,EXTRNL_TST_CNTR_ID, TST_CNTR_TYP_CDE) VALUES (51, 'N', 'EST','STN15073A', 'ST');
INSERT INTO TST_CNTR_DLVY_MDE (TST_CNTR_ID_NO, DLVY_MDE_CDE) VALUES (51, 'CBT');
INSERT INTO TST_CNTR_PGM (TST_CNTR_ID_NO, PGM_CDE, AGNCY_ID_NO) VALUES (51, 'HSE', 10002);

INSERT INTO BLC_ADDRESS (ADDRESS_ID, ADDRESS_LINE1, CITY, STATE_PROV_REGION, COUNTRY, POSTAL_CODE, IS_ACTIVE, IS_BUSINESS, IS_DEFAULT) VALUES (52, '17 Knight St', 'Concord', 'NH', 'US', '03301', 1, 1, 1);
INSERT INTO ETS_ADR (ADDRESS_ID, ADR_PRPS_CDE, LTD_DEG, LNGTD_DEG) VALUES (52, 'HOME', 43.243718, -71.573911);
INSERT INTO BLC_PHONE (PHONE_ID, IS_ACTIVE, IS_DEFAULT, PHONE_NUMBER) VALUES (52, 1, 1, '6032281341');
INSERT INTO ETS_PHONE (TEL_EXTNSN_NO, PHONE_ID, CNTRY_CDE, PHONE_TYP_CDE) VALUES (NULL, '52', 'US', 'L');
INSERT INTO ORG (ORG_ID_NO, ORG_RLE_TYP_CDE, ORG_NAM, ACTV_FLG) VALUES (52, 'ORLE1', 'Concord School District', 'Y');
INSERT INTO ORG_ADR (ORG_ID_NO, ADDRESS_ID) VALUES (52, 52);
INSERT INTO ORG_PHONE (ORG_ID_NO, PHONE_ID) VALUES (52, 52);
INSERT INTO TST_CNTR (TST_CNTR_ID_NO, RSTRCT_ACS_FLG, TM_ZN_STD_CDE, TST_CNTR_TYP_CDE) VALUES (52, 'N', 'EST', 'ST');
INSERT INTO TST_CNTR_DLVY_MDE (TST_CNTR_ID_NO, DLVY_MDE_CDE) VALUES (52, 'PBT');
INSERT INTO TST_CNTR_PGM (TST_CNTR_ID_NO, PGM_CDE, AGNCY_ID_NO) VALUES (52, 'HSE', 10002);

INSERT INTO BLC_ADDRESS (ADDRESS_ID, ADDRESS_LINE1, CITY, STATE_PROV_REGION, COUNTRY, POSTAL_CODE, IS_ACTIVE, IS_BUSINESS, IS_DEFAULT) VALUES (53, '21 South Fruit Street', 'Concord', 'NH', 'US', '03301', 1, 1, 1);
INSERT INTO ETS_ADR (ADDRESS_ID, ADR_PRPS_CDE, LTD_DEG, LNGTD_DEG) VALUES (53, 'HOME', 43.198075, -71.549406);
INSERT INTO BLC_PHONE (PHONE_ID, IS_ACTIVE, IS_DEFAULT, PHONE_NUMBER) VALUES (53, 1, 1, '6032716699');
INSERT INTO ETS_PHONE (TEL_EXTNSN_NO, PHONE_ID, CNTRY_CDE, PHONE_TYP_CDE) VALUES (NULL, '53', 'US', 'L');
INSERT INTO ORG (ORG_ID_NO, ORG_RLE_TYP_CDE, ORG_NAM, ACTV_FLG) VALUES (53, 'ORLE1', 'State Department of Education', 'Y');
INSERT INTO ORG_ADR (ORG_ID_NO, ADDRESS_ID) VALUES (53, 53);
INSERT INTO ORG_PHONE (ORG_ID_NO, PHONE_ID) VALUES (53, 53);
INSERT INTO TST_CNTR (TST_CNTR_ID_NO, RSTRCT_ACS_FLG, TM_ZN_STD_CDE, TST_CNTR_TYP_CDE) VALUES (53, 'N', 'EST', 'ST');
INSERT INTO TST_CNTR_DLVY_MDE (TST_CNTR_ID_NO, DLVY_MDE_CDE) VALUES (53, 'PBT');
INSERT INTO TST_CNTR_DLVY_MDE (TST_CNTR_ID_NO, DLVY_MDE_CDE) VALUES (53, 'CBT');
INSERT INTO TST_CNTR_PGM (TST_CNTR_ID_NO, PGM_CDE, AGNCY_ID_NO) VALUES (53, 'HSE', 10002);

INSERT INTO BLC_ADDRESS (ADDRESS_ID, ADDRESS_LINE1, CITY, STATE_PROV_REGION, COUNTRY, POSTAL_CODE, IS_ACTIVE, IS_BUSINESS, IS_DEFAULT) VALUES (54, '21 South Fruit Street', 'Concord', 'NH', 'US', '03301', 1, 1, 1);
INSERT INTO ETS_ADR (ADDRESS_ID, ADR_PRPS_CDE, LTD_DEG, LNGTD_DEG) VALUES (54, 'HOME', 43.198075, -71.549406);
INSERT INTO BLC_PHONE (PHONE_ID, IS_ACTIVE, IS_DEFAULT, PHONE_NUMBER) VALUES (54, 1, 1, '5032716699');
INSERT INTO ETS_PHONE (TEL_EXTNSN_NO, PHONE_ID, CNTRY_CDE, PHONE_TYP_CDE) VALUES (NULL, '54', 'US', 'L');
INSERT INTO ORG (ORG_ID_NO, ORG_RLE_TYP_CDE, ORG_NAM, ACTV_FLG) VALUES (54, 'ORLE1', 'State Department of Education', 'Y');
INSERT INTO ORG_ADR (ORG_ID_NO, ADDRESS_ID) VALUES (54, 54);
INSERT INTO ORG_PHONE (ORG_ID_NO, PHONE_ID) VALUES (54, 54);
INSERT INTO TST_CNTR (TST_CNTR_ID_NO, RSTRCT_ACS_FLG, TM_ZN_STD_CDE,EXTRNL_TST_CNTR_ID, TST_CNTR_TYP_CDE) VALUES (54, 'N', 'EST','STN15074A', 'ST');
INSERT INTO TST_CNTR_DLVY_MDE (TST_CNTR_ID_NO, DLVY_MDE_CDE) VALUES (54, 'PBT');
INSERT INTO TST_CNTR_PGM (TST_CNTR_ID_NO, PGM_CDE, AGNCY_ID_NO) VALUES (54, 'HSE', 10002);


INSERT INTO BLC_ADDRESS (ADDRESS_ID, ADDRESS_LINE1, CITY, STATE_PROV_REGION, COUNTRY, POSTAL_CODE, IS_ACTIVE, IS_BUSINESS, IS_DEFAULT) VALUES (55, '225 Phillips Blvd', 'Ewing', 'NJ', 'US', '08628', 1, 1, 1);
INSERT INTO ETS_ADR (ADDRESS_ID, ADR_PRPS_CDE, LTD_DEG, LNGTD_DEG) VALUES (55, 'HOME', 43.198075, -71.549406);
INSERT INTO BLC_PHONE (PHONE_ID, IS_ACTIVE, IS_DEFAULT, PHONE_NUMBER) VALUES (55, 1, 1, '6094065730');
INSERT INTO ETS_PHONE (TEL_EXTNSN_NO, PHONE_ID, CNTRY_CDE, PHONE_TYP_CDE) VALUES (NULL, '55', 'US', 'L');
INSERT INTO ORG (ORG_ID_NO, ORG_RLE_TYP_CDE, ORG_NAM, ACTV_FLG) VALUES (55, 'ORLE1', 'State Department of Education', 'Y');
INSERT INTO ORG_ADR (ORG_ID_NO, ADDRESS_ID) VALUES (55, 55);
INSERT INTO ORG_PHONE (ORG_ID_NO, PHONE_ID) VALUES (55, 55);
INSERT INTO TST_CNTR (TST_CNTR_ID_NO, RSTRCT_ACS_FLG, TM_ZN_STD_CDE, TST_CNTR_TYP_CDE) VALUES (55, 'N', 'EST', 'ST');
INSERT INTO TST_CNTR_DLVY_MDE (TST_CNTR_ID_NO, DLVY_MDE_CDE) VALUES (55, 'PBT');
INSERT INTO TST_CNTR_PGM (TST_CNTR_ID_NO, PGM_CDE, AGNCY_ID_NO) VALUES (55, 'HSE', 10002);


INSERT INTO ORG(ORG_ID_NO, ACTV_FLG, ORG_NAM, ORG_RLE_TYP_CDE) VALUES ('56', 'Y', 'Mineral Area College', 'ORLE1');
INSERT INTO ORG_ADR(ADDRESS_ID, ORG_ID_NO) VALUES ('44', '56');
INSERT INTO ORG_PHONE(ORG_ID_NO, PHONE_ID) VALUES ('56', '44');
INSERT INTO TST_CNTR(EXTRNL_TST_CNTR_ID, RSTRCT_ACS_FLG, TST_CNTR_ID_NO, TM_ZN_STD_CDE, TST_CNTR_TYP_CDE) VALUES ('STN15075A', 'N', '56', 'CST', 'ST');
INSERT INTO TST_CNTR_DLVY_MDE(DLVY_MDE_CDE, TST_CNTR_ID_NO) VALUES ('CBT', '56');
INSERT INTO TST_CNTR_PGM(PGM_CDE, TST_CNTR_ID_NO, AGNCY_ID_NO) VALUES ('HSE', '56', '47');


Insert into BLC_CUSTOMER (CUSTOMER_ID,CREATED_BY,DATE_CREATED,DATE_UPDATED,UPDATED_BY,CHALLENGE_ANSWER,DEACTIVATED,EMAIL_ADDRESS,FIRST_NAME,LAST_NAME,PASSWORD,PASSWORD_CHANGE_REQUIRED,RECEIVE_EMAIL,IS_REGISTERED,USER_NAME,CHALLENGE_QUESTION_ID,LOCALE_CODE) values (1,null,null,null,null,'Something',0,'ereg.team+bradpitt@gmail.com','Brad','Pitt','password',0,0,1,'bPitt',1,'en');
Insert into BLC_CUSTOMER (CUSTOMER_ID,CREATED_BY,DATE_CREATED,DATE_UPDATED,UPDATED_BY,CHALLENGE_ANSWER,DEACTIVATED,EMAIL_ADDRESS,FIRST_NAME,LAST_NAME,PASSWORD,PASSWORD_CHANGE_REQUIRED,RECEIVE_EMAIL,IS_REGISTERED,USER_NAME,CHALLENGE_QUESTION_ID,LOCALE_CODE) values (2,null,null,null,null,'Someone',0,'ereg.team+natalieportman@gmail.com','Natalie','Portman','password',0,0,1,'natalie.portman',2,'en');
Insert into BLC_CUSTOMER (CUSTOMER_ID,CREATED_BY,DATE_CREATED,DATE_UPDATED,UPDATED_BY,CHALLENGE_ANSWER,DEACTIVATED,EMAIL_ADDRESS,FIRST_NAME,LAST_NAME,PASSWORD,PASSWORD_CHANGE_REQUIRED,RECEIVE_EMAIL,IS_REGISTERED,USER_NAME,CHALLENGE_QUESTION_ID,LOCALE_CODE) values (6,null,null,null,null,'No one',0,'ereg.team+selva.kumar@gmail.com','Selva','Kumar','password',0,null,1,'selva.kumar',2,'en');
Insert into BLC_CUSTOMER (CUSTOMER_ID,CREATED_BY,DATE_CREATED,DATE_UPDATED,UPDATED_BY,CHALLENGE_ANSWER,DEACTIVATED,EMAIL_ADDRESS,FIRST_NAME,LAST_NAME,PASSWORD,PASSWORD_CHANGE_REQUIRED,RECEIVE_EMAIL,IS_REGISTERED,USER_NAME,CHALLENGE_QUESTION_ID,LOCALE_CODE) values (7,null,null,null,null,'Someone',0,'ereg.team+Kathik.katam@gmail.com','Karthik','Katam','password',0,null,1,'karthik.katam',2,'en');
Insert into BLC_CUSTOMER (CUSTOMER_ID,CREATED_BY,DATE_CREATED,DATE_UPDATED,UPDATED_BY,CHALLENGE_ANSWER,DEACTIVATED,EMAIL_ADDRESS,FIRST_NAME,LAST_NAME,PASSWORD,PASSWORD_CHANGE_REQUIRED,RECEIVE_EMAIL,IS_REGISTERED,USER_NAME,CHALLENGE_QUESTION_ID,LOCALE_CODE) values (8,null,null,null,null,'Someone',0,'ereg.team+karthik.kamat@gmail.com','Karthik','Kamat','password',0,null,1,'ereguser1',2,'en');
Insert into BLC_CUSTOMER (CUSTOMER_ID,CREATED_BY,DATE_CREATED,DATE_UPDATED,UPDATED_BY,CHALLENGE_ANSWER,DEACTIVATED,EMAIL_ADDRESS,FIRST_NAME,LAST_NAME,PASSWORD,PASSWORD_CHANGE_REQUIRED,RECEIVE_EMAIL,IS_REGISTERED,USER_NAME,CHALLENGE_QUESTION_ID,LOCALE_CODE) values (9,null,null,null,null,'Something',0,'ereg.team+srikanth.dubbaka@gmail.com','Srikanth','Dubbaka','password',0,null,1,'srikanth.dubbaka',1,'en');
Insert into BLC_CUSTOMER (CUSTOMER_ID,CREATED_BY,DATE_CREATED,DATE_UPDATED,UPDATED_BY,CHALLENGE_ANSWER,DEACTIVATED,EMAIL_ADDRESS,FIRST_NAME,LAST_NAME,PASSWORD,PASSWORD_CHANGE_REQUIRED,RECEIVE_EMAIL,IS_REGISTERED,USER_NAME,CHALLENGE_QUESTION_ID,LOCALE_CODE) values (3,null,null,null,null,'Someone',0,'ereg.team+aparna.kan@gmail.com','Aparna','Kovuri','password',0,null,1,'aKante',1,'en');
Insert into BLC_CUSTOMER (CUSTOMER_ID,CREATED_BY,DATE_CREATED,DATE_UPDATED,UPDATED_BY,CHALLENGE_ANSWER,DEACTIVATED,EMAIL_ADDRESS,FIRST_NAME,LAST_NAME,PASSWORD,PASSWORD_CHANGE_REQUIRED,RECEIVE_EMAIL,IS_REGISTERED,USER_NAME,CHALLENGE_QUESTION_ID,LOCALE_CODE) values (4,null,null,null,null,'Something',0,'ereg.team+chaitanya.deep@gmail.com','Chaitanya','Krishna','password',0,null,1,'ckrishna',2,'en');
Insert into BLC_CUSTOMER (CUSTOMER_ID,CREATED_BY,DATE_CREATED,DATE_UPDATED,UPDATED_BY,CHALLENGE_ANSWER,DEACTIVATED,EMAIL_ADDRESS,FIRST_NAME,LAST_NAME,PASSWORD,PASSWORD_CHANGE_REQUIRED,RECEIVE_EMAIL,IS_REGISTERED,USER_NAME,CHALLENGE_QUESTION_ID,LOCALE_CODE) values (5,null,null,null,null,'Someone',0,'ereg.team+prabhat.konam@gmail.com','Prabhat','Konam','password',0,null,1,'pkonam',3,'en');
Insert into BLC_CUSTOMER (CUSTOMER_ID,CREATED_BY,DATE_CREATED,DATE_UPDATED,UPDATED_BY,CHALLENGE_ANSWER,DEACTIVATED,EMAIL_ADDRESS,FIRST_NAME,LAST_NAME,PASSWORD,PASSWORD_CHANGE_REQUIRED,RECEIVE_EMAIL,IS_REGISTERED,USER_NAME,CHALLENGE_QUESTION_ID,LOCALE_CODE) values (10,null,null,null,null,'Saymore',0,'ereg.team+razi.sulaiman@gmail.com','Razi','Sulaiman','password',0,null,1,'ereguser2',2,'en');
Insert into BLC_CUSTOMER (CUSTOMER_ID,CREATED_BY,DATE_CREATED,DATE_UPDATED,UPDATED_BY,CHALLENGE_ANSWER,DEACTIVATED,EMAIL_ADDRESS,FIRST_NAME,LAST_NAME,PASSWORD,PASSWORD_CHANGE_REQUIRED,RECEIVE_EMAIL,IS_REGISTERED,USER_NAME,CHALLENGE_QUESTION_ID,LOCALE_CODE) values (11,null,null,null,null,'Saymore',0,'piyer@ets.org','Lindsay','Lohan','1qaz@WSX',0,null,1,'prititest3',1,'en');
Insert into BLC_CUSTOMER (CUSTOMER_ID,CREATED_BY,DATE_CREATED,DATE_UPDATED,UPDATED_BY,CHALLENGE_ANSWER,DEACTIVATED,EMAIL_ADDRESS,FIRST_NAME,LAST_NAME,PASSWORD,PASSWORD_CHANGE_REQUIRED,RECEIVE_EMAIL,IS_REGISTERED,USER_NAME,CHALLENGE_QUESTION_ID,LOCALE_CODE) values (12,null,null,null,null,'don',0,'ereg.team+invalid@gmail.com','Priti','Iyer','1qaz@WSX',0,null,1,'invalid',6,'en');

--Insert into BLC_CUSTOMER_ROLE (CUSTOMER_ROLE_ID,CUSTOMER_ID,ROLE_ID,CREATED_BY_CUSTOMER_ID,DATE_CREATED)values (1,1,1,1,sysdate);

Insert into BLC_CUSTOMER_ADDRESS (CUSTOMER_ADDRESS_ID,ADDRESS_NAME,ADDRESS_ID,CUSTOMER_ID) values (1,null,1,1);
Insert into BLC_CUSTOMER_ADDRESS (CUSTOMER_ADDRESS_ID,ADDRESS_NAME,ADDRESS_ID,CUSTOMER_ID) values (2,null,2,2);
Insert into BLC_CUSTOMER_ADDRESS (CUSTOMER_ADDRESS_ID,ADDRESS_NAME,ADDRESS_ID,CUSTOMER_ID) values (3,null,3,3);
Insert into BLC_CUSTOMER_ADDRESS (CUSTOMER_ADDRESS_ID,ADDRESS_NAME,ADDRESS_ID,CUSTOMER_ID) values (4,null,4,4);
Insert into BLC_CUSTOMER_ADDRESS (CUSTOMER_ADDRESS_ID,ADDRESS_NAME,ADDRESS_ID,CUSTOMER_ID) values (5,null,5,5);
Insert into BLC_CUSTOMER_ADDRESS (CUSTOMER_ADDRESS_ID,ADDRESS_NAME,ADDRESS_ID,CUSTOMER_ID) values (6,null,6,6);
Insert into BLC_CUSTOMER_ADDRESS (CUSTOMER_ADDRESS_ID,ADDRESS_NAME,ADDRESS_ID,CUSTOMER_ID) values (7,null,7,7);
Insert into BLC_CUSTOMER_ADDRESS (CUSTOMER_ADDRESS_ID,ADDRESS_NAME,ADDRESS_ID,CUSTOMER_ID) values (8,null,8,8);
Insert into BLC_CUSTOMER_ADDRESS (CUSTOMER_ADDRESS_ID,ADDRESS_NAME,ADDRESS_ID,CUSTOMER_ID) values (9,null,9,9);
Insert into BLC_CUSTOMER_ADDRESS (CUSTOMER_ADDRESS_ID,ADDRESS_NAME,ADDRESS_ID,CUSTOMER_ID) values (10,null,10,10);
Insert into BLC_CUSTOMER_ADDRESS (CUSTOMER_ADDRESS_ID,ADDRESS_NAME,ADDRESS_ID,CUSTOMER_ID) values (11,null,11,11);
Insert into BLC_CUSTOMER_ADDRESS (CUSTOMER_ADDRESS_ID,ADDRESS_NAME,ADDRESS_ID,CUSTOMER_ID) values (12,null,12,12);

Insert into BLC_CUSTOMER_PHONE (CUSTOMER_PHONE_ID,PHONE_NAME,CUSTOMER_ID,PHONE_ID) values (1,'primary',1,1);
Insert into BLC_CUSTOMER_PHONE (CUSTOMER_PHONE_ID,PHONE_NAME,CUSTOMER_ID,PHONE_ID) values (2,'alternate',1,2);
Insert into BLC_CUSTOMER_PHONE (CUSTOMER_PHONE_ID,PHONE_NAME,CUSTOMER_ID,PHONE_ID) values (4,'alternate',2,4);
Insert into BLC_CUSTOMER_PHONE (CUSTOMER_PHONE_ID,PHONE_NAME,CUSTOMER_ID,PHONE_ID) values (3,'primary',2,3);
Insert into BLC_CUSTOMER_PHONE (CUSTOMER_PHONE_ID,PHONE_NAME,CUSTOMER_ID,PHONE_ID) values (6,'alternate',3,6);
Insert into BLC_CUSTOMER_PHONE (CUSTOMER_PHONE_ID,PHONE_NAME,CUSTOMER_ID,PHONE_ID) values (7,'primary',4,7);
Insert into BLC_CUSTOMER_PHONE (CUSTOMER_PHONE_ID,PHONE_NAME,CUSTOMER_ID,PHONE_ID) values (8,'alternate',4,8);
Insert into BLC_CUSTOMER_PHONE (CUSTOMER_PHONE_ID,PHONE_NAME,CUSTOMER_ID,PHONE_ID) values (9,'primary',5,9);
Insert into BLC_CUSTOMER_PHONE (CUSTOMER_PHONE_ID,PHONE_NAME,CUSTOMER_ID,PHONE_ID) values (10,'alternate',5,10);
Insert into BLC_CUSTOMER_PHONE (CUSTOMER_PHONE_ID,PHONE_NAME,CUSTOMER_ID,PHONE_ID) values (17,'primary',9,17);
Insert into BLC_CUSTOMER_PHONE (CUSTOMER_PHONE_ID,PHONE_NAME,CUSTOMER_ID,PHONE_ID) values (18,'alternate',9,18);
Insert into BLC_CUSTOMER_PHONE (CUSTOMER_PHONE_ID,PHONE_NAME,CUSTOMER_ID,PHONE_ID) values (20,'alternate',10,20);
Insert into BLC_CUSTOMER_PHONE (CUSTOMER_PHONE_ID,PHONE_NAME,CUSTOMER_ID,PHONE_ID) values (5,'primary',3,3);
Insert into BLC_CUSTOMER_PHONE (CUSTOMER_PHONE_ID,PHONE_NAME,CUSTOMER_ID,PHONE_ID) values (11,'primary',6,11);
Insert into BLC_CUSTOMER_PHONE (CUSTOMER_PHONE_ID,PHONE_NAME,CUSTOMER_ID,PHONE_ID) values (12,'alternate',6,12);
Insert into BLC_CUSTOMER_PHONE (CUSTOMER_PHONE_ID,PHONE_NAME,CUSTOMER_ID,PHONE_ID) values (13,'primary',7,13);
Insert into BLC_CUSTOMER_PHONE (CUSTOMER_PHONE_ID,PHONE_NAME,CUSTOMER_ID,PHONE_ID) values (14,'alternate',7,14);
Insert into BLC_CUSTOMER_PHONE (CUSTOMER_PHONE_ID,PHONE_NAME,CUSTOMER_ID,PHONE_ID) values (15,'primary',8,15);
Insert into BLC_CUSTOMER_PHONE (CUSTOMER_PHONE_ID,PHONE_NAME,CUSTOMER_ID,PHONE_ID) values (16,'alternate',8,16);
Insert into BLC_CUSTOMER_PHONE (CUSTOMER_PHONE_ID,PHONE_NAME,CUSTOMER_ID,PHONE_ID) values (19,'primary',10,19);
Insert into BLC_CUSTOMER_PHONE (CUSTOMER_PHONE_ID,PHONE_NAME,CUSTOMER_ID,PHONE_ID) values (21,'primary',11,54);
Insert into BLC_CUSTOMER_PHONE (CUSTOMER_PHONE_ID,PHONE_NAME,CUSTOMER_ID,PHONE_ID) values (22,'primary',12,55);

Insert into ETS_CUST (TRMS_ACEPTNC_DTM,BRTH_DTE,GNDR_CDE,MID_NAM,PRFRD_TST_TAKING_LANG_CDE,PRMRY_SPKNG_LANG_CDE,SSN_LST_4,SRC_ID,CUSTOMER_ID,CUST_TYP_CDE,ETNCTY_CDE,MIL_STS_CDE,INTRNL_USR_FLG) values (null,to_date('09-10-1983','DD-MM-YYYY'),'M','K',null,null,'7828',null,1,'CUST',null,null,'N');
Insert into ETS_CUST (TRMS_ACEPTNC_DTM,BRTH_DTE,GNDR_CDE,MID_NAM,PRFRD_TST_TAKING_LANG_CDE,PRMRY_SPKNG_LANG_CDE,SSN_LST_4,SRC_ID,CUSTOMER_ID,CUST_TYP_CDE,ETNCTY_CDE,MIL_STS_CDE,INTRNL_USR_FLG) values (null,to_date('07-12-1983','DD-MM-YYYY'),'M','K',null,null,'8930',null,2,'CUST',null,null,'N');
Insert into ETS_CUST (TRMS_ACEPTNC_DTM,BRTH_DTE,GNDR_CDE,MID_NAM,PRFRD_TST_TAKING_LANG_CDE,PRMRY_SPKNG_LANG_CDE,SSN_LST_4,SRC_ID,CUSTOMER_ID,CUST_TYP_CDE,ETNCTY_CDE,MIL_STS_CDE,INTRNL_USR_FLG) values (null,to_date('18-05-1978','DD-MM-YYYY'),'M','G',null,null,'4321',null,4,'CUST',null,null,'N');
Insert into ETS_CUST (TRMS_ACEPTNC_DTM,BRTH_DTE,GNDR_CDE,MID_NAM,PRFRD_TST_TAKING_LANG_CDE,PRMRY_SPKNG_LANG_CDE,SSN_LST_4,SRC_ID,CUSTOMER_ID,CUST_TYP_CDE,ETNCTY_CDE,MIL_STS_CDE,INTRNL_USR_FLG) values (null,to_date('12-08-1987','DD-MM-YYYY'),'M','F',null,null,'8732',null,5,'CUST',null,null,'N');
Insert into ETS_CUST (TRMS_ACEPTNC_DTM,BRTH_DTE,GNDR_CDE,MID_NAM,PRFRD_TST_TAKING_LANG_CDE,PRMRY_SPKNG_LANG_CDE,SSN_LST_4,SRC_ID,CUSTOMER_ID,CUST_TYP_CDE,ETNCTY_CDE,MIL_STS_CDE,INTRNL_USR_FLG) values (null,to_date('13-07-1977','DD-MM-YYYY'),'M','D',null,null,'9201',null,6,'CUST',null,null,'N');
Insert into ETS_CUST (TRMS_ACEPTNC_DTM,BRTH_DTE,GNDR_CDE,MID_NAM,PRFRD_TST_TAKING_LANG_CDE,PRMRY_SPKNG_LANG_CDE,SSN_LST_4,SRC_ID,CUSTOMER_ID,CUST_TYP_CDE,ETNCTY_CDE,MIL_STS_CDE,INTRNL_USR_FLG) values (null,to_date('28-04-1967','DD-MM-YYYY'),'M','B',null,null,'6521',null,7,'CUST',null,null,'N');

Insert into ETS_CUST (TRMS_ACEPTNC_DTM,BRTH_DTE,GNDR_CDE,MID_NAM,PRFRD_TST_TAKING_LANG_CDE,PRMRY_SPKNG_LANG_CDE,SSN_LST_4,SRC_ID,CUSTOMER_ID,CUST_TYP_CDE,ETNCTY_CDE,MIL_STS_CDE,INTRNL_USR_FLG) values (null,to_date('09-03-1980','DD-MM-YYYY'),'M','B',null,null,'8392',null,3,'CUST',null,null,'N');
Insert into ETS_CUST (TRMS_ACEPTNC_DTM,BRTH_DTE,GNDR_CDE,MID_NAM,PRFRD_TST_TAKING_LANG_CDE,PRMRY_SPKNG_LANG_CDE,SSN_LST_4,SRC_ID,CUSTOMER_ID,CUST_TYP_CDE,ETNCTY_CDE,MIL_STS_CDE,INTRNL_USR_FLG) values (null,to_date('21-10-1959','DD-MM-YYYY'),'M','U',null,null,'1678',null,9,'CUST',null,null,'N');
Insert into ETS_CUST (TRMS_ACEPTNC_DTM,BRTH_DTE,GNDR_CDE,MID_NAM,PRFRD_TST_TAKING_LANG_CDE,PRMRY_SPKNG_LANG_CDE,SSN_LST_4,SRC_ID,CUSTOMER_ID,CUST_TYP_CDE,ETNCTY_CDE,MIL_STS_CDE,INTRNL_USR_FLG) values (null,to_date('23-02-1965','DD-MM-YYYY'),'M','I',null,null,'0989',null,8,'CUST',null,null,'N');
Insert into ETS_CUST (TRMS_ACEPTNC_DTM,BRTH_DTE,GNDR_CDE,MID_NAM,PRFRD_TST_TAKING_LANG_CDE,PRMRY_SPKNG_LANG_CDE,SSN_LST_4,SRC_ID,CUSTOMER_ID,CUST_TYP_CDE,ETNCTY_CDE,MIL_STS_CDE,INTRNL_USR_FLG) values (null,to_date('16-01-1967','DD-MM-YYYY'),'M','D',null,null,'5678',null,10,'CUST',null,null,'N');
Insert into ETS_CUST (TRMS_ACEPTNC_DTM,BRTH_DTE,GNDR_CDE,MID_NAM,PRFRD_TST_TAKING_LANG_CDE,PRMRY_SPKNG_LANG_CDE,SSN_LST_4,SRC_ID,CUSTOMER_ID,CUST_TYP_CDE,ETNCTY_CDE,MIL_STS_CDE,INTRNL_USR_FLG) values (null,to_date('16-01-1982','DD-MM-YYYY'),'F','D',null,null,'1001',null,11,'CUST',null,null,'N');

Insert into ETS_CUST (TRMS_ACEPTNC_DTM,BRTH_DTE,GNDR_CDE,MID_NAM,PRFRD_TST_TAKING_LANG_CDE,PRMRY_SPKNG_LANG_CDE,SSN_LST_4,SRC_ID,CUSTOMER_ID,CUST_TYP_CDE,ETNCTY_CDE,MIL_STS_CDE,INTRNL_USR_FLG,LDAP_GUID_ID) values (null,to_date('17-04-2000','DD-MM-YYYY'),'F',null,null,null,null,null,12,'CUST',null,null,'N','6c701a70d25bbd49bedf3a783f3d9587');



insert into TST_TKR_TST(TST_TKR_TST_ID,TST_STS_TYP_CDE,CUSTOMER_ID) values(1,'SCDL',1);
insert into TST_TKR_TST(TST_TKR_TST_ID,TST_STS_TYP_CDE,CUSTOMER_ID) values(2,'SCDL',2);
insert into TST_TKR_TST(TST_TKR_TST_ID,TST_STS_TYP_CDE,CUSTOMER_ID) values(3,'SCDL',3);
insert into TST_TKR_TST(TST_TKR_TST_ID,TST_STS_TYP_CDE,CUSTOMER_ID) values(4,'SCDL',1);
insert into TST_TKR_TST(TST_TKR_TST_ID,TST_STS_TYP_CDE,CUSTOMER_ID) values(5,'SCDL',2);
insert into TST_TKR_TST(TST_TKR_TST_ID,TST_STS_TYP_CDE,CUSTOMER_ID) values(6,'SCDL',3);
insert into TST_TKR_TST(TST_TKR_TST_ID,TST_STS_TYP_CDE,CUSTOMER_ID) values(7,'SCDL',11);
insert into TST_TKR_TST(TST_TKR_TST_ID,TST_STS_TYP_CDE,CUSTOMER_ID) values(8,'SCDL',11);

Insert into EVNT_OTCM_STS_TYP (EVNT_OTCM_STS_TYP_CDE,EVNT_OTCM_STS_TYP_DSC,DSPLY_DTA_FLG,EVNT_OTCM_STS_TYP_DSPLY_SEQ,FRM_USED_FLG) values ('NCI','Not Checked In','Y','1','N');
Insert into EVNT_OTCM_STS_TYP (EVNT_OTCM_STS_TYP_CDE,EVNT_OTCM_STS_TYP_DSC,DSPLY_DTA_FLG,EVNT_OTCM_STS_TYP_DSPLY_SEQ,FRM_USED_FLG) values ('NOS','No Show','Y','2','N');
Insert into EVNT_OTCM_STS_TYP (EVNT_OTCM_STS_TYP_CDE,EVNT_OTCM_STS_TYP_DSC,DSPLY_DTA_FLG,EVNT_OTCM_STS_TYP_DSPLY_SEQ,FRM_USED_FLG) values ('CHI','Checked In','Y','3','Y');
Insert into EVNT_OTCM_STS_TYP (EVNT_OTCM_STS_TYP_CDE,EVNT_OTCM_STS_TYP_DSC,DSPLY_DTA_FLG,EVNT_OTCM_STS_TYP_DSPLY_SEQ,FRM_USED_FLG) values ('CNT','Could Not Test','Y','4','N');

insert into BKNG(APNTMT_DT,BKNG_ID,TM_ZN_OFST_QTY,BKNG_STS_TYP_CDE,FRM_ID,TST_TKR_TST_ID,TST_CNTR_ID_NO,EVNT_OTCM_STS_TYP_CDE,ETS_APNTMT_ID, DLVY_MDE_CDE,TST_ID, LANG_CDE) values(to_date('31-12-2013','DD-MM-YYYY'),1,-5,'RSRVD',4,1,1,'NCI','0000000908232413', 'PBT', 5, 'EN');
insert into BKNG(APNTMT_DT,BKNG_ID,TM_ZN_OFST_QTY,BKNG_STS_TYP_CDE,FRM_ID,TST_TKR_TST_ID,TST_CNTR_ID_NO,EVNT_OTCM_STS_TYP_CDE,ETS_APNTMT_ID, DLVY_MDE_CDE,TST_ID, LANG_CDE) values(to_date('15-10-2013','DD-MM-YYYY'),4,-4,'RSRVD',6,4,1,'NCI','1234123456787911', 'CBT', 5, 'EN');
insert into BKNG(APNTMT_DT,BKNG_ID,TM_ZN_OFST_QTY,BKNG_STS_TYP_CDE,FRM_ID,TST_TKR_TST_ID,TST_CNTR_ID_NO,EVNT_OTCM_STS_TYP_CDE,ETS_APNTMT_ID, DLVY_MDE_CDE,TST_ID, LANG_CDE) values(to_date('31-12-2013','DD-MM-YYYY'),2,-5,'RSRVD',4,2,2,'NCI','0000000909232413', 'PBT', 5, 'EN');
insert into BKNG(APNTMT_DT,BKNG_ID,TM_ZN_OFST_QTY,BKNG_STS_TYP_CDE,FRM_ID,TST_TKR_TST_ID,TST_CNTR_ID_NO,EVNT_OTCM_STS_TYP_CDE,ETS_APNTMT_ID, DLVY_MDE_CDE,TST_ID, LANG_CDE) values(to_date('15-10-2013','DD-MM-YYYY'),5,-4,'RSRVD',6,5,1,'NCI','1234123456787912', 'CBT', 5, 'EN');
insert into BKNG(APNTMT_DT,BKNG_ID,TM_ZN_OFST_QTY,BKNG_STS_TYP_CDE,FRM_ID,TST_TKR_TST_ID,TST_CNTR_ID_NO,EVNT_OTCM_STS_TYP_CDE,ETS_APNTMT_ID, DLVY_MDE_CDE,TST_ID, LANG_CDE) values(to_date('31-12-2013','DD-MM-YYYY'),3,-5,'RSRVD',4,3,3,'NCI','0000000910232413', 'PBT', 5, 'EN');
insert into BKNG(APNTMT_DT,BKNG_ID,TM_ZN_OFST_QTY,BKNG_STS_TYP_CDE,FRM_ID,TST_TKR_TST_ID,TST_CNTR_ID_NO,EVNT_OTCM_STS_TYP_CDE,ETS_APNTMT_ID, DLVY_MDE_CDE,TST_ID, LANG_CDE) values(to_date('15-10-2013','DD-MM-YYYY'),6,-4,'RSRVD',6,6,1,'NCI','1234123456787913', 'CBT', 5, 'EN');
insert into BKNG(APNTMT_DT,BKNG_ID,TM_ZN_OFST_QTY,BKNG_STS_TYP_CDE,FRM_ID,TST_TKR_TST_ID,TST_CNTR_ID_NO,EVNT_OTCM_STS_TYP_CDE,ETS_APNTMT_ID, DLVY_MDE_CDE,TST_ID, LANG_CDE) values(to_date('10-04-2013','DD-MM-YYYY'),7,-4,'RSRVD',4,7,54,'CHI','0000000123232413', 'PBT', 5, 'EN');
insert into BKNG(APNTMT_DT,BKNG_ID,TM_ZN_OFST_QTY,BKNG_STS_TYP_CDE,FRM_ID,TST_TKR_TST_ID,TST_CNTR_ID_NO,EVNT_OTCM_STS_TYP_CDE,ETS_APNTMT_ID, DLVY_MDE_CDE,TST_ID, LANG_CDE) values(to_date('17-04-2013','DD-MM-YYYY'),8,-4,'RSRVD',6,8,54,'NCI','1234123456787656', 'CBT', 4, 'EN');

insert into TST_CNTR_ADMIN(ADMIN_USER_ID,TST_CNTR_ID_NO)values(112,1);
insert into TST_CNTR_ADMIN(ADMIN_USER_ID,TST_CNTR_ID_NO)values(112,2);
insert into TST_CNTR_ADMIN(ADMIN_USER_ID,TST_CNTR_ID_NO)values(112,3);
insert into TST_CNTR_ADMIN(ADMIN_USER_ID,TST_CNTR_ID_NO)values(117,1);
insert into TST_CNTR_ADMIN(ADMIN_USER_ID,TST_CNTR_ID_NO)values(117,3);
insert into TST_CNTR_ADMIN(ADMIN_USER_ID,TST_CNTR_ID_NO)values(118,2);
insert into TST_CNTR_ADMIN(ADMIN_USER_ID,TST_CNTR_ID_NO)values(125,1);
insert into TST_CNTR_ADMIN(ADMIN_USER_ID,TST_CNTR_ID_NO)values(125,4);
insert into TST_CNTR_ADMIN(ADMIN_USER_ID,TST_CNTR_ID_NO)values(125,5);
insert into TST_CNTR_ADMIN(ADMIN_USER_ID,TST_CNTR_ID_NO)values(125,6);
insert into TST_CNTR_ADMIN(ADMIN_USER_ID,TST_CNTR_ID_NO)values(125,7);

Insert into ETS_CUST_LNKG (CUSTOMER_ID,LNKG_TYP_CDE,CREATED_BY_ADMIN_USR_ID,CREATED_BY_CUSTOMER_ID,DATE_CREATED,DATE_UPDATED,UPDATED_BY_ADMIN_USR_ID,UPDATED_BY_CUSTOMER_ID,LNKG_KY) values (1,'DSPID',null, null,to_timestamp('11-FEB-13 11.35.35.276000000 AM','DD-MON-RR HH.MI.SS.FF AM'),null,null,null,'POR8701');
Insert into ETS_CUST_LNKG (CUSTOMER_ID,LNKG_TYP_CDE,CREATED_BY_ADMIN_USR_ID,CREATED_BY_CUSTOMER_ID,DATE_CREATED,DATE_UPDATED,UPDATED_BY_ADMIN_USR_ID,UPDATED_BY_CUSTOMER_ID,LNKG_KY) values (2,'DSPID',null, null,to_timestamp('11-FEB-13 11.35.35.276000000 AM','DD-MON-RR HH.MI.SS.FF AM'),null,null,null,'POR8702');
Insert into ETS_CUST_LNKG (CUSTOMER_ID,LNKG_TYP_CDE,CREATED_BY_ADMIN_USR_ID,CREATED_BY_CUSTOMER_ID,DATE_CREATED,DATE_UPDATED,UPDATED_BY_ADMIN_USR_ID,UPDATED_BY_CUSTOMER_ID,LNKG_KY) values (3,'DSPID',null, null,to_timestamp('11-FEB-13 11.35.35.276000000 AM','DD-MON-RR HH.MI.SS.FF AM'),null,null,null,'POR8703');
Insert into ETS_CUST_LNKG (CUSTOMER_ID,LNKG_TYP_CDE,CREATED_BY_ADMIN_USR_ID,CREATED_BY_CUSTOMER_ID,DATE_CREATED,DATE_UPDATED,UPDATED_BY_ADMIN_USR_ID,UPDATED_BY_CUSTOMER_ID,LNKG_KY) values (4,'DSPID',null, null,to_timestamp('11-FEB-13 11.35.35.276000000 AM','DD-MON-RR HH.MI.SS.FF AM'),null,null,null,'POR8704');
Insert into ETS_CUST_LNKG (CUSTOMER_ID,LNKG_TYP_CDE,CREATED_BY_ADMIN_USR_ID,CREATED_BY_CUSTOMER_ID,DATE_CREATED,DATE_UPDATED,UPDATED_BY_ADMIN_USR_ID,UPDATED_BY_CUSTOMER_ID,LNKG_KY) values (5,'DSPID',null, null,to_timestamp('11-FEB-13 11.35.35.276000000 AM','DD-MON-RR HH.MI.SS.FF AM'),null,null,null,'POR8705');
Insert into ETS_CUST_LNKG (CUSTOMER_ID,LNKG_TYP_CDE,CREATED_BY_ADMIN_USR_ID,CREATED_BY_CUSTOMER_ID,DATE_CREATED,DATE_UPDATED,UPDATED_BY_ADMIN_USR_ID,UPDATED_BY_CUSTOMER_ID,LNKG_KY) values (6,'DSPID',null, null,to_timestamp('11-FEB-13 11.35.35.276000000 AM','DD-MON-RR HH.MI.SS.FF AM'),null,null,null,'POR8706');
Insert into ETS_CUST_LNKG (CUSTOMER_ID,LNKG_TYP_CDE,CREATED_BY_ADMIN_USR_ID,CREATED_BY_CUSTOMER_ID,DATE_CREATED,DATE_UPDATED,UPDATED_BY_ADMIN_USR_ID,UPDATED_BY_CUSTOMER_ID,LNKG_KY) values (7,'DSPID',null, null,to_timestamp('11-FEB-13 11.35.35.276000000 AM','DD-MON-RR HH.MI.SS.FF AM'),null,null,null,'POR8707');
Insert into ETS_CUST_LNKG (CUSTOMER_ID,LNKG_TYP_CDE,CREATED_BY_ADMIN_USR_ID,CREATED_BY_CUSTOMER_ID,DATE_CREATED,DATE_UPDATED,UPDATED_BY_ADMIN_USR_ID,UPDATED_BY_CUSTOMER_ID,LNKG_KY) values (8,'DSPID',null, null,to_timestamp('11-FEB-13 11.35.35.276000000 AM','DD-MON-RR HH.MI.SS.FF AM'),null,null,null,'POR8708');
Insert into ETS_CUST_LNKG (CUSTOMER_ID,LNKG_TYP_CDE,CREATED_BY_ADMIN_USR_ID,CREATED_BY_CUSTOMER_ID,DATE_CREATED,DATE_UPDATED,UPDATED_BY_ADMIN_USR_ID,UPDATED_BY_CUSTOMER_ID,LNKG_KY) values (9,'DSPID',null, null,to_timestamp('11-FEB-13 11.35.35.276000000 AM','DD-MON-RR HH.MI.SS.FF AM'),null,null,null,'POR8709');
Insert into ETS_CUST_LNKG (CUSTOMER_ID,LNKG_TYP_CDE,CREATED_BY_ADMIN_USR_ID,CREATED_BY_CUSTOMER_ID,DATE_CREATED,DATE_UPDATED,UPDATED_BY_ADMIN_USR_ID,UPDATED_BY_CUSTOMER_ID,LNKG_KY) values (10,'DSPID',null, null,to_timestamp('11-FEB-13 11.35.35.276000000 AM','DD-MON-RR HH.MI.SS.FF AM'),null,null,null,'POR8710');
Insert into ETS_CUST_LNKG (CUSTOMER_ID,LNKG_TYP_CDE,CREATED_BY_ADMIN_USR_ID,CREATED_BY_CUSTOMER_ID,DATE_CREATED,DATE_UPDATED,UPDATED_BY_ADMIN_USR_ID,UPDATED_BY_CUSTOMER_ID,LNKG_KY) values (11,'DSPID',null, null,to_timestamp('11-FEB-13 11.35.35.276000000 AM','DD-MON-RR HH.MI.SS.FF AM'),null,null,null,'POR8711');
Insert into ETS_CUST_LNKG (CUSTOMER_ID,LNKG_TYP_CDE,CREATED_BY_ADMIN_USR_ID,CREATED_BY_CUSTOMER_ID,DATE_CREATED,DATE_UPDATED,UPDATED_BY_ADMIN_USR_ID,UPDATED_BY_CUSTOMER_ID,LNKG_KY) values (12,'DSPID',null, null,to_timestamp('11-FEB-13 11.35.35.276000000 AM','DD-MON-RR HH.MI.SS.FF AM'),null,null,null,'POR8712');

insert into CUST_ACMDTN_TST(CUSTOMER_ID,ACMDTN_TYP_CDE,ACMDTN_TYP_VAL_ID_NO,PGM_CDE,TST_ID,APRVD_DTE,EXPRTN_DTE,DLVY_MDE_CDE) values (1,'1',1,'HSE',1,to_date('01-Feb-2013','DD-MON-YYYY'),to_date('01-Jan-2010','DD-MON-YYYY'),'CBT');
insert into CUST_ACMDTN_TST(CUSTOMER_ID,ACMDTN_TYP_CDE,ACMDTN_TYP_VAL_ID_NO,PGM_CDE,TST_ID,APRVD_DTE,EXPRTN_DTE,DLVY_MDE_CDE) values (1,'2',null,'HSE',1,to_date('01-Feb-2013','DD-MON-YYYY'),to_date('01-Jan-2014','DD-MON-YYYY'),'CBT');
insert into CUST_ACMDTN_TST(CUSTOMER_ID,ACMDTN_TYP_CDE,ACMDTN_TYP_VAL_ID_NO,PGM_CDE,TST_ID,APRVD_DTE,EXPRTN_DTE,DLVY_MDE_CDE) values (1,'1',2,'HSE',2,to_date('01-Feb-2013','DD-MON-YYYY'),to_date('01-Jan-2014','DD-MON-YYYY'),'CBT');
insert into CUST_ACMDTN_TST(CUSTOMER_ID,ACMDTN_TYP_CDE,ACMDTN_TYP_VAL_ID_NO,PGM_CDE,TST_ID,APRVD_DTE,EXPRTN_DTE,DLVY_MDE_CDE) values (1,'2',null,'HSE',2,to_date('01-Feb-2013','DD-MON-YYYY'),to_date('01-Jan-2014','DD-MON-YYYY'),'CBT');
--insert into CUST_ACMDTN_TST(CUSTOMER_ID,ACMDTN_TYP_CDE,ACMDTN_TYP_VAL_ID_NO,PGM_CDE,TST_ID,APRVD_DTE,EXPRTN_DTE,DLVY_MDE_CDE) values (1,'2',null,'HSE','ELAW2',to_date('01-Feb-2013','DD-MON-YYYY'),to_date('01-Jan-2014','DD-MON-YYYY'),'CBT');
insert into CUST_ACMDTN_TST(CUSTOMER_ID,ACMDTN_TYP_CDE,ACMDTN_TYP_VAL_ID_NO,PGM_CDE,TST_ID,APRVD_DTE,EXPRTN_DTE,DLVY_MDE_CDE) values (1,'3',null,'HSE',3,to_date('01-Feb-2013','DD-MON-YYYY'),to_date('01-Jan-2014','DD-MON-YYYY'),'CBT');
insert into CUST_ACMDTN_TST(CUSTOMER_ID,ACMDTN_TYP_CDE,ACMDTN_TYP_VAL_ID_NO,PGM_CDE,TST_ID,APRVD_DTE,EXPRTN_DTE,DLVY_MDE_CDE) values (1,'4',null,'HSE',4,to_date('01-Feb-2013','DD-MON-YYYY'),to_date('01-Jan-2014','DD-MON-YYYY'),'PBT');
insert into CUST_ACMDTN_TST(CUSTOMER_ID,ACMDTN_TYP_CDE,ACMDTN_TYP_VAL_ID_NO,PGM_CDE,TST_ID,APRVD_DTE,EXPRTN_DTE,DLVY_MDE_CDE) values (1,'5',null,'HSE',4,to_date('01-Feb-2013','DD-MON-YYYY'),to_date('01-Jan-2014','DD-MON-YYYY'),'PBT');
insert into CUST_ACMDTN_TST(CUSTOMER_ID,ACMDTN_TYP_CDE,ACMDTN_TYP_VAL_ID_NO,PGM_CDE,TST_ID,APRVD_DTE,EXPRTN_DTE,DLVY_MDE_CDE) values (1,'1',null,'HSE',4,to_date('01-Feb-2013','DD-MON-YYYY'),to_date('01-Jan-2014','DD-MON-YYYY'),'CBT');
insert into CUST_ACMDTN_TST(CUSTOMER_ID,ACMDTN_TYP_CDE,ACMDTN_TYP_VAL_ID_NO,PGM_CDE,TST_ID,APRVD_DTE,EXPRTN_DTE,DLVY_MDE_CDE) values (1,'2',null,'HSE',4,to_date('01-Feb-2013','DD-MON-YYYY'),to_date('01-Jan-2014','DD-MON-YYYY'),'CBT');
insert into CUST_ACMDTN_TST(CUSTOMER_ID,ACMDTN_TYP_CDE,ACMDTN_TYP_VAL_ID_NO,PGM_CDE,TST_ID,APRVD_DTE,EXPRTN_DTE,DLVY_MDE_CDE) values (1,'6',null,'HSE',5,to_date('01-Feb-2013','DD-MON-YYYY'),to_date('01-Jan-2014','DD-MON-YYYY'),'PBT');
insert into CUST_ACMDTN_TST(CUSTOMER_ID,ACMDTN_TYP_CDE,ACMDTN_TYP_VAL_ID_NO,PGM_CDE,TST_ID,APRVD_DTE,EXPRTN_DTE,DLVY_MDE_CDE) values (1,'90',null,'HSE',4,to_date('01-Feb-2013','DD-MON-YYYY'),to_date('01-Jan-2014','DD-MON-YYYY'),'PBT');

insert into BLC_CUSTOMER_ROLE (CUSTOMER_ROLE_ID, CUSTOMER_ID, ROLE_ID) values (1, 1, 1);
insert into BLC_CUSTOMER_ROLE (CUSTOMER_ROLE_ID, CUSTOMER_ID, ROLE_ID) values (2, 2, 1);
insert into BLC_CUSTOMER_ROLE (CUSTOMER_ROLE_ID, CUSTOMER_ID, ROLE_ID) values (3, 3, 1);
insert into BLC_CUSTOMER_ROLE (CUSTOMER_ROLE_ID, CUSTOMER_ID, ROLE_ID) values (4, 4, 1);
insert into BLC_CUSTOMER_ROLE (CUSTOMER_ROLE_ID, CUSTOMER_ID, ROLE_ID) values (5, 5, 1);
insert into BLC_CUSTOMER_ROLE (CUSTOMER_ROLE_ID, CUSTOMER_ID, ROLE_ID) values (6, 6, 1);
insert into BLC_CUSTOMER_ROLE (CUSTOMER_ROLE_ID, CUSTOMER_ID, ROLE_ID) values (7, 7, 1);
insert into BLC_CUSTOMER_ROLE (CUSTOMER_ROLE_ID, CUSTOMER_ID, ROLE_ID) values (8, 8, 1);
insert into BLC_CUSTOMER_ROLE (CUSTOMER_ROLE_ID, CUSTOMER_ID, ROLE_ID) values (9, 9, 1);
insert into BLC_CUSTOMER_ROLE (CUSTOMER_ROLE_ID, CUSTOMER_ID, ROLE_ID) values (10, 10, 1);
insert into BLC_CUSTOMER_ROLE (CUSTOMER_ROLE_ID, CUSTOMER_ID, ROLE_ID) values (11, 11, 1);
insert into BLC_CUSTOMER_ROLE (CUSTOMER_ROLE_ID, CUSTOMER_ID, ROLE_ID) values (12, 12, 1);

update org set actv_flg='N' where org_id_no not in(44,56,51,54,47,10002);
update org set actv_flg='Y' where org_id_no in(44,56,51,54,47,10002);

