-- CBT Accommodations
insert into ACMDTN_TYP(acmdtn_typ_cde,ACMDTN_TYP_DSC,ACMDTN_TYP_DSPLY_SEQ) values ('1','Extended Time',1);
insert into ACMDTN_TYP(acmdtn_typ_cde,ACMDTN_TYP_DSC,ACMDTN_TYP_DSPLY_SEQ) values ('2','Color Contrast',2);
insert into ACMDTN_TYP(acmdtn_typ_cde,ACMDTN_TYP_DSC,ACMDTN_TYP_DSPLY_SEQ) values ('3','Large Font/Magnification',3);
--PBT Accommodations
insert into ACMDTN_TYP(acmdtn_typ_cde,ACMDTN_TYP_DSC,ACMDTN_TYP_DSPLY_SEQ) values ('4','Audio Version',4);
insert into ACMDTN_TYP(acmdtn_typ_cde,ACMDTN_TYP_DSC,ACMDTN_TYP_DSPLY_SEQ) values ('5','Braille',5);
insert into ACMDTN_TYP(acmdtn_typ_cde,ACMDTN_TYP_DSC,ACMDTN_TYP_DSPLY_SEQ) values ('6','Large Print',6);
insert into ACMDTN_TYP(acmdtn_typ_cde,ACMDTN_TYP_DSC,ACMDTN_TYP_DSPLY_SEQ) values ('90','Other Accommodation',7);

insert into ACMDTN_TYP_VAL(ACMDTN_TYP_VAL_ID_NO,ACMDTN_TYP_VAL_DSPLY_SEQ,ACMDTN_TYP_VAL_UI_TXT,DSPLY_DTA_FLG,LBL,SCHDLG_SVC_ACMDTN_VAL,VAL,ACMDTN_TYP_CDE) values (1,1,'EXTENDED TIME','Y','50%','EXTENDED TIME','1.5','1');
insert into ACMDTN_TYP_VAL(ACMDTN_TYP_VAL_ID_NO,ACMDTN_TYP_VAL_DSPLY_SEQ,ACMDTN_TYP_VAL_UI_TXT,DSPLY_DTA_FLG,LBL,SCHDLG_SVC_ACMDTN_VAL,VAL,ACMDTN_TYP_CDE) values (2,2,'EXTENDED TIME','Y','100%','EXTENDED TIME','2','1');

INSERT INTO TST (PGM_CDE, TST_ID, DSPLY_DTA_FLG, TST_NAM,TST_DURN,SCHDLG_DURN) VALUES ('HSE', 1, 'Y', 'ELA-Reading',150,150);
INSERT INTO TST (PGM_CDE, TST_ID, DSPLY_DTA_FLG, TST_NAM,TST_DURN,SCHDLG_DURN) VALUES ('HSE', 2, 'Y', 'ELA-Writing (MC Section)',150,150);
INSERT INTO TST (PGM_CDE, TST_ID, DSPLY_DTA_FLG, TST_NAM,TST_DURN,SCHDLG_DURN) VALUES ('HSE', 6, 'Y', 'ELA-Writing (CR Section)',150,150);
INSERT INTO TST (PGM_CDE, TST_ID, DSPLY_DTA_FLG, TST_NAM,TST_DURN,SCHDLG_DURN) VALUES ('HSE', 3, 'Y', 'Social Studies',150,150);
INSERT INTO TST (PGM_CDE, TST_ID, DSPLY_DTA_FLG, TST_NAM,TST_DURN,SCHDLG_DURN) VALUES ('HSE', 4, 'Y', 'Science',150,150);
INSERT INTO TST (PGM_CDE, TST_ID, DSPLY_DTA_FLG, TST_NAM,TST_DURN,SCHDLG_DURN) VALUES ('HSE', 5, 'Y', 'Mathematics',150,150);

insert into PGM_ACMDTN_DLVY_MDE(PGM_CDE,ACMDTN_TYP_CDE,DLVY_MDE_CDE) values('HSE','1','CBT');
insert into PGM_ACMDTN_DLVY_MDE(PGM_CDE,ACMDTN_TYP_CDE,DLVY_MDE_CDE) values('HSE','2','CBT');
insert into PGM_ACMDTN_DLVY_MDE(PGM_CDE,ACMDTN_TYP_CDE,DLVY_MDE_CDE) values('HSE','3','CBT');
insert into PGM_ACMDTN_DLVY_MDE(PGM_CDE,ACMDTN_TYP_CDE,DLVY_MDE_CDE) values('HSE','4','PBT');
insert into PGM_ACMDTN_DLVY_MDE(PGM_CDE,ACMDTN_TYP_CDE,DLVY_MDE_CDE) values('HSE','5','PBT');
insert into PGM_ACMDTN_DLVY_MDE(PGM_CDE,ACMDTN_TYP_CDE,DLVY_MDE_CDE) values('HSE','6','PBT');
insert into PGM_ACMDTN_DLVY_MDE(PGM_CDE,ACMDTN_TYP_CDE,DLVY_MDE_CDE) values('HSE','90','CBT');
insert into PGM_ACMDTN_DLVY_MDE(PGM_CDE,ACMDTN_TYP_CDE,DLVY_MDE_CDE) values('HSE','90','PBT');

insert into CUST_ACMDTN_TST(CUSTOMER_ID,ACMDTN_TYP_CDE,ACMDTN_TYP_VAL_ID_NO,PGM_CDE,TST_ID,APRVD_DTE,EXPRTN_DTE,DLVY_MDE_CDE) values (1,'1',1,'HSE',1,to_date('01-Feb-2013','DD-MON-YYYY'),to_date('01-Jan-2014','DD-MON-YYYY'),'CBT')
insert into CUST_ACMDTN_TST(CUSTOMER_ID,ACMDTN_TYP_CDE,ACMDTN_TYP_VAL_ID_NO,PGM_CDE,TST_ID,APRVD_DTE,EXPRTN_DTE,DLVY_MDE_CDE) values (1,'1',2,'HSE',2,to_date('01-Feb-2013','DD-MON-YYYY'),to_date('01-Jan-2014','DD-MON-YYYY'),'CBT')
insert into CUST_ACMDTN_TST(CUSTOMER_ID,ACMDTN_TYP_CDE,ACMDTN_TYP_VAL_ID_NO,PGM_CDE,TST_ID,APRVD_DTE,EXPRTN_DTE,DLVY_MDE_CDE) values (1,'2',null,'HSE',2,to_date('01-Feb-2013','DD-MON-YYYY'),to_date('01-Jan-2014','DD-MON-YYYY'),'CBT')
insert into CUST_ACMDTN_TST(CUSTOMER_ID,ACMDTN_TYP_CDE,ACMDTN_TYP_VAL_ID_NO,PGM_CDE,TST_ID,APRVD_DTE,EXPRTN_DTE,DLVY_MDE_CDE) values (1,'2',null,'HSE',6,to_date('01-Feb-2013','DD-MON-YYYY'),to_date('01-Jan-2014','DD-MON-YYYY'),'CBT')
insert into CUST_ACMDTN_TST(CUSTOMER_ID,ACMDTN_TYP_CDE,ACMDTN_TYP_VAL_ID_NO,PGM_CDE,TST_ID,APRVD_DTE,EXPRTN_DTE,DLVY_MDE_CDE) values (1,'3',null,'HSE',3,to_date('01-Feb-2013','DD-MON-YYYY'),to_date('01-Jan-2014','DD-MON-YYYY'),'CBT')
insert into CUST_ACMDTN_TST(CUSTOMER_ID,ACMDTN_TYP_CDE,ACMDTN_TYP_VAL_ID_NO,PGM_CDE,TST_ID,APRVD_DTE,EXPRTN_DTE,DLVY_MDE_CDE) values (1,'4',null,'HSE',4,to_date('01-Feb-2013','DD-MON-YYYY'),to_date('01-Jan-2014','DD-MON-YYYY'),'PBT')
insert into CUST_ACMDTN_TST(CUSTOMER_ID,ACMDTN_TYP_CDE,ACMDTN_TYP_VAL_ID_NO,PGM_CDE,TST_ID,APRVD_DTE,EXPRTN_DTE,DLVY_MDE_CDE) values (1,'5',null,'HSE',4,to_date('01-Feb-2013','DD-MON-YYYY'),to_date('01-Jan-2014','DD-MON-YYYY'),'PBT')
insert into CUST_ACMDTN_TST(CUSTOMER_ID,ACMDTN_TYP_CDE,ACMDTN_TYP_VAL_ID_NO,PGM_CDE,TST_ID,APRVD_DTE,EXPRTN_DTE,DLVY_MDE_CDE) values (1,'6',null,'HSE',5,to_date('01-Feb-2013','DD-MON-YYYY'),to_date('01-Jan-2014','DD-MON-YYYY'),'PBT')
insert into CUST_ACMDTN_TST(CUSTOMER_ID,ACMDTN_TYP_CDE,ACMDTN_TYP_VAL_ID_NO,PGM_CDE,TST_ID,APRVD_DTE,EXPRTN_DTE,DLVY_MDE_CDE) values (1,'90',null,'HSE',4,to_date('01-Feb-2013','DD-MON-YYYY'),to_date('01-Jan-2014','DD-MON-YYYY'),'PBT')
